guna_word;spanish_word;synonyms
A;Ese;Esa 
Abaggale;De repente;Repentinamente
Aggued;Faltar;Incompleto, perder, no alcanzar, , 
Gayaburba;Verbo;Palabras 
Gayaemalad;Sinónimo;Semejante 
Gayagan;Cañaveral;Cañal
Gaigan;Cañaveral;Cañal
Gayagannoed;Adjetivo;
Gaggagannoged;Adjetivo;
Gayanis;Jugo de caña;
Gayanisa;Jugo de caña;
Gainis;Jugo de caña;
Gainisa;Jugo de caña;
Agguedgalu;Letrina;Servicio, excusado, , , 
Gayaonabed;Bostezar;Bostezo, , , , 
Gayaugga;Bagazo de caña;
Gaiugga;Bagazo de caña;
Geb;Inicio;Primera vez, , , , 
Gebe;Inicio;Primera vez, , , , 
Gebgeg;Pez matajuelo;
Gegegwa;Bobo;Haragán, , , , 
Gegerdagged;Asombrarse;Admirar, , , , 
Geggued;Cansarse;Fatigarse, agotarse, , , 
Yegued;Cansarse;Fatigarse, agotarse, , , 
Agguiddoged;No entender;Desobedecer
Gegued;Enfermarse;Adolecer, tener fiebre, , , 
Ueleged;Enfermarse;Adolecer, Tener fiebre, , , 
Gelu;Jurel;Cojinùa, , , , 
Gelugoordiggid;Pez cojinúa amarillo;
Genu;Garrapata;
Gerged;Costoso;Caro, , , , 
Garged;Costoso;Caro, , , , 
Gesumagged;Chirriar;Rechinar, Crujir, , , 
Giaggwagwa,;Muy corto;
Giaggwa;Corto;
Aggus;Casi;Incompleto, , , , 
Sorgwagwa;Corto;Muy corto, , , , 
Giale;Corto;Muy corto, , , , 
Giaggwagwa;Corto;Muy corto, , , , 
Giamagged;Trozar;
Olomagged;Trozar;
Gidsi;Resina vegetal;
Gigga;Ave que presagia acontecimientos;
Giggadiryai;Mujer que enseñó junto a Orgun;
Giggir;Pulpo;
Gignii;Agosto;
Aggusa;Casi;incompleto, , , , 
Gisiggwi;Golondrina;tijereta, , , , 
Wirsob;Golondrina;Tijereta, , , , 
Giloged;Matar;Eliminar, , , , 
Ogiloged;Matar;Eliminar, , , , 
Oburgwed;Matar;Eliminar, , , , 
Gindagged;Matar;
Gilor;Tìo;Pariente, , , , 
Gilolo;Tìo;
Gilu;Tìo;Pariente, , , , 
Ginbinne;Enseguida;De inmediato, , , , 
Aggwa;Piedra;roca, , , , 
Ginere;Preciso;Exacto, , , , 
Gineregwa;Preciso;Exacto, , , , 
Gingi;Escopeta;Fusil, carabina, , , 
Gingub;Pòlvora;
Guingub;Pòlvora;
Ginnid;Rojo;
Gisigwad;Rosado;
Ginsunmagleged;De quien se habla;Sujeto de la oraciòn, , , , 
Coral;Atolón;
Ginsunmaglenaid;El que habla de;Predicado, , , , 
Goamagged;Descuartizar;Despedazar, Fragmentar, , , 
Gobed;Tomar;Beber, Injerir, , , 
Gobibbi;Meñique;Dedo pequeño, , , , 
Godied;Pellizcar;Arañar, Rasguñar, , , 
Goe;Bebè;Nene, Criatura, Venado, ciervo, 
Wasa;Venado;Ciervo, , , , 
Gobbir;Arbol de cocobolo;
Birgog;Fruto de cocobolo;
Gogbirgwa;Fruto de cocobolo;
Aggwadin;Arrecife;
Gogo;Organo sexual femenino;
Amma;Organo sexual femenino;
Omo;Organo sexual femenino;
Gole;Cangrejo ermitaño;
Goled;Llamar;Vocear, Convocar, Reunir, , 
Gommomagged;Chapotear;Nadar, , , , 
Dommomagged;Chapotear;Nadar, , , , 
Gonasi;Uña;
Gonu;Dedo;
Goo;Dedo;
Aggwadub;Soga de ancla;
Goordiggid;Anaranjado pàlido;Amarillento, Malaria, , , 
Goreged;Madurar;Sazonarse la fruta, , , , 
Gorgi;Pelìcano;
Gormagged;Declamar;Vocear, , , , 
Gormaggedigar;Poema;Poesìa, Verso, , , 
Gorogwa;Amarillo;
Gorosdiggigwad;Amarillento;
Gorosulid;Oscuro;Fosgo, Negro, , , 
Sibbusuli;Oscuro;Fosgo, Negro, , , 
Guaggwagwa;Listo;Preparado, Dispuesto, , , 
Aggwaduba;Soga de ancla;
Guddu;Mancha;Sombra, Tacha, , , 
Guddurgwagwad;Morado;Oscuro, , , , 
Guded;Inicio;
Onoded;Inicio;Introducciòn, , , , 
Gudii;Està;Està presente, Vive, , , 
Guggin;Hombro;
Guggualed;Aviòn;Aeronave, , , , 
Sourguggualed;Aviòn;Aeronave, , , , 
Guggualedagdeged;Aeropuerto;
Guggualedigar;Aeropuerto;Pista de aterrizaje, , , , 
Abar;Mitad;
Aggwalele;Piedra lisa para terapia;
Guggued;Volar;Elevarse, Sobrevolar, , , 
Guggur;Mosca;
Gugi;Lunar;Peca, , , , 
Ibsidsi;Lunar;Peca, , , , 
Gugigugid;Quemado;Tostado, , , , 
Gugimur;Sitio lìmite de Panamá y Colombia;
Gugimuru;Sitio limite de Panamà y Colombia;
Gugmagged;Atar;Amarrar, Sujetar, , , 
Guli;Flauta gruesa;Instrumento musical, , , , 
Gullugullud;Abollado;Machacado, Asma, , , 
Aggwanusa;Piedra lisa para terapia;
Gummagged;Quemarse;
Guna;Persona perteneciente al pueblo Guna;
Gunadule;Persona perteneciente al pueblo Guna;
Gunasuenamor;Bandera de Gunayala;
Gunasuenamola;Bandera Guna;
Gunabander;Bandera de Gunayala;
Gunaid;Acción que ocurre;Tiempo presente, , , , 
Gunayala;Territorio de los gunas;Comarca guna, , , , 
Gundileged;Ahogarse;
Gundoleged;Ahogarse;
Aggwamuu;Piedra de moler;
Diduleged;Ahogarse;
Gungi;Oro;
Or;Oro;
Olo;Oro;
Gunned;Morder;Masticar, Mordiscar, , , 
Guoed;Acción por realizarse;Tiempo futuro, , , , 
Gurgin;Sombrero;
Gurginmaddar;Boina;
Gurgur;Especie de calabaza;
Gurgwa;Hormiga candelilla;
Aggwan;Grava;Cascajo, , , , 
Gusad;Lo que se hizo;Acción pasada, Tiempo pasado, , , 
Gusar;Hasta luego;Dentro de un rato, , , , 
Gusale;hasta luego;Dentro de un rato, , , , 
Gusarmalo;Hasta luego;
Guseb;Granadilla;
Gwiseb;Granadilla;
Gusgua;Rutina;De siempre, cuando se hizo, , , 
Guu;Piojo;Liendre, , , , 
Guurgaed;Apretar;Tener paretada y firme, , , , 
Gwaada;Cargado;
Aggwanuggu;Erizo de tierra;Gato, Espinoso, , , 
Gwabba;Todo;Entero, , , , 
Gwabbid;Nuevo;Reciente, Novedoso, , , 
Gwabbiddi;Nuevo;Reciente, Novedoso, , , 
Binid;Nuevo;Reciente, , , , 
Binidi;Nuevo;Reciente, , , , 
Gwabboed;Fallar el tiro;Errar, , , , 
Dalloed;Fallar el tiro;Errar, , , , 
Dalloged;Fallar el tiro;Errar, , , , 
Gwabin;Lengua;Habla, Idioma, , , 
Gwable;Todo;Todos, , , , 
Aggwasalu;Longorón o molusco ;Molusco
Gwada;Gelatina de maíz con jugo de caña;
Gwaddired;Equivocarse;Faltar en algo, No proceder bien, , , 
Gwargwad;Papaya;
Gwae;Rápido;Ligero, Expedito, , , 
Gwaegwae;Muy rápido;Urgente, Muy ligero, , , 
Gwag;Semilla;Simiente, , , , 
Gwagwa;Semilla;Simiente, , , , 
Gwage;Corazón;
Gwegi;Corazón;
Gwaged;Cambiar;
Aggwaser;Araña venenosa;
Gwaggu;Variedad de pez del río;
Gwaggwa;Loro;Cotorra, , , , 
Gwaggwarmagged;Hervir;Cocer, , , , 
Gwagonoged;Despepitar;Castrar, , , , 
Gwasued;Castrar;
Gwala;Escoba;
Gwalu;camote;
Gwaluleged;Nacer;Nacimiento, , , , 
Gwallu;Lámpara. Luz;Candil, Farol, , , 
Gwalludii;Querosin;
Aggwasib;Piedra pómez;
Gwalludub;Mecha de lámpara ocandil;
Gwalluduba;Mecha de lámpara o candil;
Gwama;Chachalaca;Pava cimba, , , , 
Gwamagged;Compactar;
Gwamudiggid;Fornido;Grueso, Corpulento, , , 
Gwaned;Desgranar;Hacer caer frutas, , , , 
Gwaregware;Resbaloso;Deslizadiso, , , , 
Masimasi;Resbaloso;
Swanswan;Resbaloso;
Gwarugwa;Recién nacido;Bebé, , , , 
Aggwasibu;Piedra pómez;
Gwasir;Cocaleca gris;
Gwasued;Despepitar;Quitar semillas, , , , 
Gwagonoged;Despepitar;Quitar semillas, , , , 
Gwayed;Asustarse;Espantarse, , , , 
Dobgued;Asustarse;Espantarse, , , , 
Gwebur;Pueblo;Poblado, Aldea, Comunidad, , 
Neggwebur;Pueblo;poblado, Aldea, Comunidad, , 
Gwenad;Pariente;Familiar, hermano, Hermana, , 
Gwenaddigwar;En hermandad;Fraternidad, , , , 
Gwenaddigwale;En hermandad;Fraternidad, , , , 
Aggwed;Acudiente;Acudido, , , , 
Gwendi;Claro que si;Cierto, , , , 
Gwendina;Claro que sí;Cierto, , , , 
Gwengwen;Algunos;
Gwengwena;Algunos;
Gwensag;Uno;Unico, Solo, , , 
Gwensagga;Uno;Unico, Solo, , , 
Gwigala;Zancudo;
Gwisuid;Zancudo;
Abala;Mitad;
Aggwi;Hervido;Cocinado, Cocido, , , 
Gwii;Mosquito;Chitra, Peine, Peinilla, , 
Gwiled;Danzar ;Saltar, Danzar, , , 
Gwili;Perico;
Gwiliabgangiid;Verde;Verdoso, , , , 
Gwiliabsargiid;Verde;Verdoso, , , , 
gwiligwili ;Picado;Raspado, Lacerado, , , 
Sodsogwale;Picado;Raspado, Lacerado, , , 
Gwingwa;Bala;Plomo, Perdigón, , , 
gwingwin;Faisán;es una especie de ave galliforme
Gwinmagged;Acabarse;Finalizar, , , , 
Aggwied;Cavar la tierra;Escarbar, , , , 
Gwinnigwinnid;Travieso;Entremetido, Indiscreto, , , 
Gwinnur;Planta conocida como velario;
Gwirmagged;Apisonar;
Gwised;Cavar;Excavar, Escarbar la tierra, , , 
Aggwied;Cavar;Excavar, Escarbar, , , 
Gwisgued;Pararse;Detenerse, , , , 
Ii;Estremecimiento;Sacudida, , , , 
Ia;Hermano mayor;Dicho entre varones 
Ib;Cosa;Objeto, , , , 
Ibmar;Cosas;Objetos, , , , 
Iba;Fiesta;Día, Fecha, Jornada, , 
Ibagwen;Un dia;
Ibagwena;Un día;
Ibbaa;Tres días;
Ibabaagwa;Tres días;
Ibdibyed;Sartén;
Ibmardibyed;Sartén;
Ibdur;Animal;Ser irracional, , , , 
Ibdule;Animal;Ser irracional, , , , 
Ibdula;Animal;Ser irracional, , , , 
Aggwigued;Estar cocido;Hervido, , , , 
Ibdurdaggedneg;Escuela;Centro educativo, , , , 
Ibdurdaggednega;Escuela;Centro educativo, , , , 
Ibdurwa;Basura;Desperdicio, Sobrante, Miga, , 
Durwa;Basura;
Ibegwa;Albino;
Ibenu;Niño;Criatura, Recién nacido, , , 
Ibenua;Niño;Criatura, Recién nacido, , , 
Ibeorgun;Personaje de la historia guna;
Orgun;Personaje de la historia guna;
Ibgi;De día;Diurno, , , , 
Agginned;Dar quejidos;Suspirar, Quejarse, , , 
Ibgine;De día;Diurno, , , , 
Ibgued;Amanecer;Madrugar, , , , 
Negibgued;Amanecer;Madrugar, , , , 
Ibigala;Por qué;
Ibler;Personaje de Babigala;
Ibeler;Personaje de Babigar;
Olowaibibbiler;Personaje de Babigar;
Ibmardued;Cocinar;
Ibmargulleged;Alimento;Lo que se puede comer, Comestible, , , 
Ibgulleged;Alimento;Comestible, , , , 
Agla;Altillo;Piso de arriba 
Ibmargwallu;Grasa;Manteca, , , , 
Ibmaribed;Dueño de algo ;Pudiente, , , , 
Ibsidsi;Lunar;Peca, , , , 
Gugi;Lunar;
Ibua;Qué es;
Ibya;Ojos;Vista, , , , 
Dala;Ojos;Vista, , , , 
Ibya;Tienda;Negocio, , , , 
Ibyabiired;Bizco;Bisojo, , , , 
Ibyanis;Lágrimas;
Aglaed;Caerse;Desplomarse, Desmoronar, , , 
Ibyanisa;Lágrimas;
Ibyasiga;Pestañas;
Ibyasulid;Ciego;Invidente, , , , 
Dalasulid;Ciego;Invidente, , , , 
Ibyed;Fulgor;Destello, Resplandor, , , 
Iddagga;Cercano;Bastante cerca, , , , 
Iddaggagwa;Cercano;Bastante cerca, , , , 
Waligga;Cercano;
Iddiggigwa;Próximo;Cerca, , , , 
Muisgwa;Próximo;Cerca, , , , 
Ammuggued;Caerse;Desplomarse, , , , 
Iddired;Romper hilo o cadena;Hacer pausa, , , , 
Iddisig;Un poco más allá;Hacia allá, , , , 
Wesig;Un poco más allá;Hacia allá, , , , 
Egesig;Un poco más allá;Hacia allá, , , , 
Iddoaggwagwa;Con cautela;Con cuidado, , , , 
Binsaaggwa;Con cautela;Con cuidado, , , , 
Iddoged;Escuchar;Oir, Sentir, Probar, Semana, 
Iddogedneg;Casa del congreso;Casa de reuniones, , , , 
Orgunneg;Casa del congreso;
Onmaggedneg;Casa del congreso;
Agli;Mangle;
Ogaryagunneg;Casa del congreso;
Iddogedneg;Casa del congreso;
Iddogunneg;Casa del congreso;
Idsi;Grano;Varicela, , , , 
Idsomagged;Saltar;Brincar, , , , 
Idued;Guia;Dirigente, , , , 
Dummad;Guia;Dirigente, , , , 
Dulanied;Guia;Dirigente, , , , 
Idued;Adelantarse;Ir primero, , , , 
Ied;Mujer especialista;Ceremonia de corte de pelo, , , , 
Aglidug;guabina de manglar;
Ieged;Olvidar;Dejar de lado, Borrar de la memoria, , , 
igar;Vía;Calle, tratado, , , 
Igarduled;Guia;Dirigente, , , , 
Iggo;Aguja;Espina, púa, aguijón, , 
Iggobarmayed;Dedal;
Iggosorbarmayed;Dedal;
Iggodurba;Pixbae;
Iggosan;Pixbae;
Nalub;Pixbae;
Iggu;Pez Róbalo blanco;
Negabar;Centro;
Agligan;Manglar;
iggued;Faltar;Ausentarse, , , , 
Igi;Cómo;Qué, , , , 
Igli;Hormiga arriera;
Iglisaa;Estiércol de arriera;
Igsiduddu;Rosa;
Igsiwala;Cedro espino;
Igubwar;Arbol de sal;
Igubwala;Arbol de sal;
Baluwar;Arbol de sal;
Baluwala;Arbol de sal;
aglisug;Cangrejo de manglar;
Igwa;Almendra de monte;
Bugsu;Hermano de Ibeler;
Bugasui;Hermano de Ibeler;Es mismo Bugsu, , , , 
Igwawar;Almendor de monte;
Igwawala;Almendro de monite;
Ila;Palma jira;
Ilagwen;Una vez;De una vez, , , , 
Ile;Fila;Orden, hilera, , , 
Ileggwa;Fila;Orden, hilera, , , 
Aglisuga;Cangrejo manglar;
Ileanbaggued;Formar fila;
Ileanbaggued;Formarse en fila;Sentarse en orden, , , , 
Ilemagged;Organizar;ordenar, sistematizar, , , 
Ilesgagga;Lengua inglesa;
Ilesgaya;Lengua inglesa;
Ima;Qué asco;Qué repugnante, , , , 
Imagged;Hacer;Realizar, emprender, ejecutarmp3, , 
Saed;Hacer;Realizar, , , , 
Imbaba;En medio de;Entre, , , , 
Imbaggwa;A veces;De vez en cuando, , , , 
Sugagli;Cangrejo manglero;
Imbaggwagwa;A veces;De vez en cuando, , , , 
Immerba;Harto;Lleno, , , , 
Immerege;Harto;Lleno, , , , 
Immied;Trozar;Cortar, , , , 
Imued;Arar;Labrar, escarbar, remover, , 
Ina;Medicina;Planta medicinal, , , , 
Inaduled;Conocedor de plantas medicinales;
Inanii;Noviembre;
Inanusu;Brebaje;Veneno, pócima, , , 
Inasili;Raicilla;Planta, , , , 
Sugwedar;Cangrejo de manglar ;
Inaur;Cayuco para baños medicinales;
Inaulu;Cayuco para baños medicinales;
indagged;Dejar;Soltar, Separarse de, , , 
Ingua;Cuándo;
Sana;Cuándo;
Inna;Jugo de caña;
Innagaibid;Jugo fermentado de caña;
Gaibir;Jugo fermentado de caña;
Inna;Refresco de maíz;
Aglued;Torcer;inclinar, arquearse, , , 
Innaneg;Casa de ceremonias;Casa de chicha, , , , 
innanega;Casa de ceremonia;casa de chicha, , , , 
Gaibirneg;Casa de ceremonia;casa de chicha, , , , 
Gaibirnega;Casa de ceremonia;casa de chicha, , , , 
Innaosi;Jugo de maíz; Refresco o vino 
Innasuid;Ceremonia de corte de pelo;
Inniggigwa;recto ;andar correctamente 
Odiggigwa;Recto;rectilineo
Odidiggi;en hilera;en hilera 
Inniggigwad;Verdad;Es cierto, , , , 
Agneba;En algún lugar;Algún sitio, , , , 
Nabiri;Verdad;Es verdad, Es cierto, , , 
Nabbiragwad;Verdad;Es verdad, Es cierto, , , 
Inniggii;Recto;Línea recta, Imparcial, , , 
inniggi;Recto;Línea recta, , , , 
Insaed;Recordar;Acordarse, Conmemorar, , , 
Ebinsaed;Recordar;acordarse, Conmemorar, , , 
Inse;Primero;Adelante, , , , 
Inwa;Frijol;Alubia, Judía, Habicchuela, , 
Ingwa;Frijol;Alubia, Judía, Habichuela, , 
Ior;Hermana mayor;De mujer a mujer, , , , 
Agnied;Salir;Brotar, Germinar, Sugir, , , 
Iolo;Hermana mayor;
Irgwensur;Fácil;Cómodo, , , , 
irgwensuli;Fácil;Cómodo, , , , 
Isbe;Vidrio;Cristal, Espejo, , , 
Isbeua;Pez casabe;
Isbeurdale;Anteojos;Lentes, , , , 
Isdarad;Odioso;Aborrecido, Abominable, Detestable, , 
Isdardagged;Odiar;Repudiar, Aborrecer, , , 
Saedagged;Odiar;Repudiar, aborrecer, , , 
Ise;No permitido;No debe profanarse, , , , 
Agnired;Echarse a un lado;Quitarse, , , , 
Isgana;Malsano;Inservible, Maléfico, , , 
Isgar;Borriguero;Especie de iguana pequeña, , , , 
Isgin;Variedad de lagarto;
Isgued;Malearse;Corromperse, , , , 
Isgwir;Cucaracha;
Ismied;Estornudar;
Asmied;Estornudar;
Issaggwa;Malo;No creiible, , , , 
Issaggwagwa;Malo;Dañado, Insalubre, , , 
Sunnasuli;Malo;Dañado, Insalubre, , , 
Agsu;Cuñado;Referido por una mujer, , , , 
Issee;Poco;Escaso, Exiguo, Insuficiente, , 
Issegwa;Poco;Exiguo, Insuficiente, , , 
Issesur;Montón;
Issesuli;Montón;
Issoged;Dañar;Descomponer, , , , 
Isoged;Perjudicar;Estropear, , , , 
Madared;Ancho;Plano, , , , 
Madareged;Ancho;Plano, , , , 
Maddadumgued;Anchura;Extensión, Amplitud, , , 
Maddugwa;Bajo;
Negabala;Por la mitad;
Agu;Cebolla;
Madduggwa;Pequeño;
Maddumagged;Remendar;Zurcir, Componer un vestido, , , 
Maddusur;Alto;No bajo, , , , 
Maddusuli;Alto;No bajo, , , , 
Madu;Pan;
Madubisgi;Galleta;
Madubur;Harina;Almidón, , , , 
Madudibyaled;Hojaldre;Harina frita, , , , 
Maduina;Levadura;
Madumadu;Urticaria;Irritación, , , , 
Ai;Amigo;Compañero, Conocido, Aliado, , 
Madun;Plátano o guineo maduro;Crema de plátano, , , , 
Madunmadu;Pan hecho de plátano maduro;
Maduolo;Pan de máiz redondo;Tortilla de maíz, , , , 
Madusobed;Panadero;
Madusobedneg;Panadería;
Maduuggedneg;Panadería;
Maduneg;Panadería;
Maduwala;Pan de maíz alargado y asado;
Maed;Tomar alimento semisólido;Sopa, , , , 
Magad;Claro;Horizonte, Despejado, Mar abierto, , 
Aya;Amigo;Compañero, , , , 
Magabba;Ma afuera;Lejos de la costa, , , , 
Magaddiba;Mar afuera;Lejos de la costa, , , , 
Magaddabu;Pez Barracuda;
Dabu;Pez barracuda;
Magasdagged;Orinar;
Magaddagged;Orinar;
Winnaed;Orinar;
Mageb;Colorante rojo de plantas;Uso ceremonial, , , , 
Maged;Pintar;Colorear, , , , 
Maggi;Crudo;
Aigwale;Amistad;Amistoso, , , , 
Maggimaggi;Medio crudo;
Maggu;Espuma;Burbujas, , , , 
Magiddoged;Entender;Comprender, , , , 
Magumagu;Algo con manchas blanquesinas;
Mai;Acostado. Jornalero;Empleado, Verbo de acostar 
Mali;Pie;Pata, Soporte, Raíz, , 
Nag;Pie;Pata, , , , 
Naga;Pie;Pata, , , , 
Mama;Yuca;Mandioca, Ubre, Teta, Seno, 
Mammar;arbol de matal palo o higuerote ;Arbol, , , , 
Ayagwale;Amistad;Amistoso, , , , 
Mammi;Mamey;
Mamnued;Mamar;Lactarse, , , , 
Nued;Mamar;Lactarse, , , , 
Mandiburwa;Viento del oeste;
Mani;Dinero;Plata, , , , 
Manibibbigwad;Barato;Económico, Módico, , , 
Manisibu;Huevo de gallina;
Nuusaa;Huevo de gallina;
Ganniraggwa;Huevo de gallina;
Mar;Rayo;Replámpago, , , , 
Aileged;Amistarse;Hacer amigos, , , , 
Mala;Rayo;Relampago, , , , 
Mardo;Martillo;
Mared;Romper;Gramentar, partir, , , 
Margoled;Tronar;Trueno, , , , 
Marmai;Resquebrajarse;Agrientándose, , , , 
Marya;Guama o guaba ;planta nativa
Masar;Caña blanca;
Masarigar;Tratado de guia después de la muerte;
Masarnagbe;Serpiente coral;
Masarnii;Junio;
Ayaleged;Amistarse;Hacer amigos, , , , 
Masarwar;Caña blanca;
Masdibyaled;Fritura;Plátano frito, Patacón, , , 
Masdued;Cocinar;Cocinero, , , , 
Masgan;Platanal;
Masge;Tenaza de asar plátanos;
Masgunned;Comer;Almorzar, Cenar, , , 
Masi;Comida;Guineo, Alimento, , , 
Masimasi;Resbaloso;
Swanswan;Resbaloso;
Gwaregware;Resbaloso;
Aimagged;Picazón;Sarpullido, Comezón, , , 
Masmuu;Cepa deguineo o Plátano;
Masolliggwa;Sopa espesa;
Massabbin;Muchacho;Adolescente, , , , 
Massadde;Plátano o guineo asado;
Massered;Varón o anciano ;viejo 
Massi;Hijo;Joven, , , , 
Massibibbi;Chiquillo;muchacho, , , , 
Massigwa;Adolescente;Joven, , , , 
Massunnad;Plátano;
Medde;Tinaja;De verbo tirar
Uggaaimagged;Picazón;Comezón, Sarpullido, , , 
Medgo;Pedazo de tinaja;
Meddegoa;Pedazo de tinaja;
Meged;Acostarse;Extenderse, Recostarse, , , 
Melu;Cuántos;
Bigwa;Cuántos;
Bule melu;Cuántos?;
Melubaa;Suficiente;Bastante, Considerable, , , 
Unni;Suficiente;
Unnidba;Suficiente;
Unniddiba;Suficiente;
Aisabed;Viruela;Amigo muy íntimo o íntima, , , , 
Memmed;Coa;
Memmermagged;Ondear;
Mer;No;Negación, , , , 
Melle;No;
Mergi;Estadounidense;Estadounidense, , , , 
Mergineg;Estados Unidos;Estados Unidos, , , , 
Mese;Mesa;Escritorio 
Mesed;Acostar;Recostar, Colocar, , , 
Miamagged;Buscar;Hurgar, Indagar, Escrutar, , 
Miamia;Mirar;Mirar de un lado a otro
Abargi;En la mitad;
Ali;apretado;No cabe, , , , 
Mied;Botar;Tirar, Lanzar, , , 
Migu;Tetilla ;
Mima;Lima;
Mimmi;Hijito;Hijita, Bebé, , , 
Mir;Sábalo;
Mila;Sábalo;
Mirwa;Bilis;
Misi;Gato;Felino, , , , 
Mo;También;
Alilla;Apretado;Ceñido, , , , 
Moga;También;
Moe;Zapallo;
Moed;Llegar;Arrimarse, Lograr, Vover a unir, , 
Warmagged;Llegar;Arrimarse, , , , 
Mogir;Nube;Nubarrón, , , , 
Moli;tapir;Caballo, Vaca, , , 
Molidub;correa ;correa de cuero 
Moliduba;Correa;belt
Molulu;Pez cofre;pez cofre 
Mommogwa;Débil; delicado
Alillagwa;Apretado;Ceñido, , , , 
Nollogwa;Débil;Adormilado, , , , 
Mommor;Mariposa;Polilla, Palomilla, , , 
Sussua;Mariposa;
Mommormagged;Agitar las alas ;
Mor;Atuendo;Ropa, Vestido, Blusa de mujer, , 
Mola;Atuendo;Ropa, Vestido, Blusa de mujer, , 
Morbaddon;Botón;
Morbeb;Cambombia;Molusco, , , , 
Morbebe;Cambombia;
Moresued;Desvertirse;Quitarse la ropa, , , , 
Allagwayee;Expresión de dolor;
Morunged;Desvestirse;Quitarse la ropa, , , , 
Morgaed;Horquilla;
Morgaug;Jabón;Detergente, , , , 
Morgo;Retazo;Sobras de tela, , , , 
Morgoa;Retazo;Sobras de tela, , , , 
Morgoro;Huevo de tortuga;
Uggubsan;Huevo de tortuga;
Uggubmileged;Huevo de tortugas;
Mormagged;Coser;
Mormaggedub;Hilo de coser;
Mormaggeduba;Hijo de coser;
Allayee;Expresión de dolor;
Mormaggediggo;Aguja;
Mormorsaed;Sacudir;Quitar polvo,  Refiere a telas, , , 
Mornun;Ropa gastada;Ropa usada, , , , 
Moro;Tortuga verde;
Morogoi;Tortuga de monte;Morrocoyo, , , , 
Yarmoro;Tortuga de monte;
Morsagu;Bolsillo;
Morsuwar;Palo de tender ropa;
Morsuwala;Palo de tender ropa;
Ay;expresión de dolor;
Morunged;Desvertirse;Quitar la ropa, , , , 
Moresued;Desvertirse;
Moryoed;Vestirse;
Muddig;Noche;
Muddiggude;Anochese;
Muddu;Cera negra;
Mudsubmudsub;Mutuamente;Reciprocamente, , , , 
Mued;Hincharse;Inflarse, Llenarse, , , 
Engued;Llenarse;Inflarse, , , , 
Mui;Cadaver;Muerto, , , , 
Alled;Reir;Carcajarse, , , , 
Muidar;Mujerzuela;
Muigwale;Abatimiento;Depresión, , , , 
Muisgwa;Próximo;Cerca, , , , 
Iddaggagwa;Próximo;Cerca, , , , 
Iddiggigwa;Próximo;Cerca, , , , 
Mula;Gallinazo;Buitre, , , , 
Mullusuli;Extenso;Estirado, Muy largo,  No corto, , 
Suidi;Extenso;
Mummud;Borracho;Ebrio, Planta alucinogena, , , 
Mururmuru;Aspero;Tosco, , , , 
Alu;Pene;Miembro viril, , , , 
Musele;Pez cochino;Pejepuerco, , , , 
Orwaib;Pez cochino;Pejepuerco, , , , 
Mussigwa;Breve;Corto, , , , 
Sorgwagwa;Breve;Corto, , , , 
Usgwagwa;Breve;Corto, , , , 
Giale;Breve;Corto, , , , 
Meddoggwagwa;Bfeve;Corto, , , , 
Muswe;Pañuelo de la cabeza;
Dunued;Pañuelo de la cabeza;
Muu;Abuela;
Wana;Pene;
Muuggwa;Enmohecido;
Muu;Abuela;
Nanseredi;Abuela;anciana 
Muubilli;Mar;Oceano, , , , 
Demar;Mar;Oceano, , , , 
Muudummad;Bisabuela;
Muuggwa;Anciana;Vieja, Veterana, , , 
Muyamagged;Cojear;
Muyamuyad;Cojo;
Alugwag;Testículo;
Yagguyaggud;Cojo;
Na;Maraca;Sonajero, , , , 
Nasis;Maraca;Sonajero, , , , 
Na yobi;Igual;Como, , , , 
Yobi;Igual;Como, , , , 
Emala;Igual;Como, , , , 
Na;Hola;Que tal, , , , 
Anna;Hola;Que tal, , , , 
Degidde;Hola;Que tal, , , , 
Naba;Calabaza;Palma de jira, Cerca, Al lado, , 
Abalagi;En el medio;
Alugwagwa;Testículo;
Nabayargan;Pez ronco;
Nabba;Tierra;Suelo, Sitio donde se vive, , , 
Nabbanega;Tierra;Suelo, Sitio donde se vive, , , 
Nabbagiid;Color chocolate;Marrón, , , , 
Sabgaaled;Color chocolate;marrón, , , , 
Nabbanono;Conejo pintado;
Sule;Conejo Pintado;
Nabbi;Más ;
Gaddig;Mucho;
Gaddiggi;Mucho mas ;
Ambala;No ha cambiado;Lo mismo, , , , 
nabbibileged;la ultima palabra ;Letra, , , , 
nabbibilegeddummad;Letra mayúscula;
Nabbinusa;Ultimo de los hijos;Ultimo amamantado, , , , 
Nabbiragwa;Verídico;Cierto, Evidente, Fehaciente, , 
Nabbiragwad;Verdad;Es verdad, Es cierto, , , 
Inniggigwad;Cierto;Es verdad, Es cierto, , , 
Nabiri;Verdad;Es verdad, Es cierto, , , 
Nabed;Plátano o fruta a punto de madurar;
Nabgwana;Madre tierra;
Ambalagwa;No ha cambiado;Lo mismo, , , , 
Naboed;Pagar;Acordar, convenir, , , 
Naboged;Pagar;Acordar, Convenir, , , 
Naboleged ;Volver a lastimarse;
Naiboleged  ;Volver a lastimarse;
Nabsaa;Arcilla;
Nabsen;Verruga;
Naed;Irse;Marchar, Encaminar, Andar, , 
Nag;Pie;Pata, Soporte, Raíz, , 
Naga;Pie;Pata, Soporte, Raíz, , 
Mali;Pierna ;Pata, Soporte, Raíz, , 
Amied;Buscar;Averiguar, Escudriñar, , , 
Nagab;A pie;Caminando, , , , 
Nagaba;Cerca;Junto a, Cerquita, Pegado, , 
Walig;Cerca;Junto, Cerquita, , , 
Waligga;Cerca;Junto a, Cerquita, , , 
Waliggagwa;Cerca;
Iddiggigwa;Cerca ;Cerquita, , , , 
Nagaba;Junto a;Pegado a, , , , 
Nagbeniga;Ciempies;
Nagbid;Dolor;Pesar, Sufrimiento, Dolencia, , 
Nunmagged;Dolor;Pesar, Sufrimiento, Dolencia, , 
Amilegoed;Objetivo ;lo que se va hallar 
Naged;Moler;Triturar, Pulverizar, , , 
Ubimagged;Moler;Triturar, Pulverizar, , , 
Nagege;Abundante ;Mucho, Suficiente, , , 
Doga;Bastante;Mucho, , , , 
Nagga;Desembocadura del río;
Naggarsimur;Tobillo;
Naggasi;Tendón de aquiles;Tendón de calcáneo, , , , 
Naggi;Con el pie;
Naggoo;Dedo de los pies;
Naggu;Paleta de tejer hamaca;
Durdaglegoed; enseñanza;
Nagguleged;Cuidar;Celar, Custodiar, , , 
Naggwar;Río arriba;
Naggwale;Río Arriba;
Naggwed;Subir;Escalar, Trepar, , , 
Nagsor;Talón;
Nagasola;Talón;
Nagubir;Palo amarrado que atraviesa el ancho de la casa;
Nagwar;Icaca;
Naid;Puesto;Lo que está escrito, Colgado
Amma;Tía;Pariente, Familiar, , , 
Naiimaggar;Quietud profunda;Calma, , , , 
Naiimaggale;Quietud profunda;Calma, , , , 
Nainu;Finca;Terreno trabajado, Parcela, , , 
Nala;Plato;Bandeja, Platillo, Variedad de bambú, , 
Nali;Tiburón;Tintorera, , , , 
Naliua;Pez rémora;
Nalu;Guacamaya; Pez pargo, , , , 
Nalub;Pixbae;
Iggodurba;Pixbae;
Iggosan;Pixbae;
Ammor;Tía;Pariente, , , , 
Naluginnid;Pargo rojo;
Nalled;Tacañear;Ser mezquino, No se generoso, , , 
Nallegala;Tacaño;Mezquino, , , , 
Nallegwa;Tacaño;
Nallesili;Tacaño;Mezquino, Avaro, , , 
Namagged;Cantar;Tararear, , , , 
Nana;Mamá;Madre, , , , 
Nanaed;Caminar;Andar, , , , 
Nandummad;Gran madre;Ser supremo, , , , 
Ammolo;Tía;Pariente, , , , 
Nanser;Abuela;
Muu;Abuela;
Nansui;Padrastro;
Narasdummad;Naranja;
Narasgan;Limonar;Naranjal, , , , 
Narassole;Limón;
Nared;Asar;Ahumar, , , , 
Nasi;Garra;Zarpa, , , , 
Nasigged;Colgar;Colocar, Poner, Suspender, , 
Neba;Llanura;Planicie, Llano, , , 
Amma;Órgano sexual femenino;
Negabar;Mitad;Centro, En medio, Por la mitad, , 
Negabala;Mitad;Centro, En medio, Por la mitad, , 
Abar ;Por la mitad;En medio, Por la mitad, , , 
Abala;Por la mitad;Mitad, , , , 
Negaddied;Lluvia;Aguacero, Chaparrón, Llover, , 
Diwied;Llover;Aguacero, Chaparrón, , , 
Negburba;Símbolo de la realidad;
Negwilub;Símbolo de la realidad;
Negburdagged;Soñar;
Gabdagged;Soñar;
Abargined;aquel del medio;
Omo;organo sexual femenino;
Neggabgwen;Medianoche;
Negagabigwen;Medianoche;
Negagabigwena;Medianoche;
Negguddulesa;Al anochecer;Al oscurecer, , , , 
Neggwaied;Barrer;Escobar, , , , 
Durmied;Barrer;
Durwied;Barrer;
Neggwebur;Pueblo;Poblado, Aldea, Comunidad, , 
Gwebur;Pueblo;Poblado, Aldea, Comunidad, , 
Negibgued;Amanecer;Madrugar, , , , 
ammanoo;rana;sapo
ibgued ;Amanecer;Madrugar, , , , 
Negoiboged;Amanecer;Madrugar, , , , 
Negimba;Patio entre casas;Callejas, Callejones, , , 
Negmadda;Charco;
Dimadda;Charco;
Negnussuggwa;Selva secundaria;
Neganussuggwagwa;Selva secundaria;
Negobandur;Temblor;Sismo, Terremoto, , , 
Negaobandule;Temblor;Sismo, Terrestre, , , 
Nonosibu;Cana;Pelo blanco, , , , 
Negabandur;Temblor;Sismo, Terremoto, , , 
Ammaser;Talingo o changamé;
Negoeged;Desmayarse;Perder conocimiento, , , , 
Oeged;Desmayarse;Perder conocimiento, , , , 
Negseed;Guiar;Servir a una comunidad, , , , 
Negsered;Selva primaria;
Negseredi;Selva primaria;
Neguan;Cementerio;Tumba, Composanto, , , 
Uan;Cementario;
Neguyau;Hogar;Morada, , , , 
Neggureged;Barranco;Depresión de tierra, Hondonada, , , 
Negweered;Barranco;
Ammasele;Talingo changamé;
Negyorgued;Escampar;
Nele;Persona que diagnostica enfermedades;
Nelerba;Sabio;Sabe a profundidad, , , , 
Nerbundor;Mujer nele;
Nergwa;Seis;Sexto, , , , 
Nia;Diablo;Satán, Fuerza maligna, , , 
Niaggwa;Obsceno;Escabroso, , , , 
Niba;Arriba;A lo alto, En alto, , , 
Nibgued;Altura;
Nibir;Libra;
Siggwisis;Talingo changamé;
Nidirbi;Pez raya;
Nied;Orientar a alguien;Brote de semilla, , , , 
Niga;Sobrino;Aliento, Vigor, , , 
Nigga;Hay;Para sobrino, , , , 
Niggibili;Jaiba;
Suggammi;Jaiba;
Niggoled;Invitar;Llamar, , , , 
Bingoled;Invitar;
Abgoled;Invitar;Llamar, , , , 
Niggued;Poseer;Haber, Tener, Obtener, , 
Siggwisidsi;Talingo;
Nii;Luna;
Niigaled;Eclipse lugar;
Nila;Plátano maduro asado;
Nisale;Obseno;
Nisaagwala;Obsceno;
Nisale;Húmedo;
Nisar;Achiote;
Nisagwale;Húmedo;Empapado, , , , 
Nisgwa;Estrella;
Noar;Incorrecto;Falso, , , , 
Noale;Incorrecto;Falso, , , , 
Nobed;Celo;Envidia, , , , 
Ammor;Tía;
Noed;Salir;Errar, Equivocarse, , , 
Nog;Taza;Totuma, , , , 
Noga;Taza;Totuma, , , , 
Nogare;Excavado;Hendido, , , , 
Nagarege;Excavado;Hendido, , , , 
Nogdar;Totuma para agua;
Noggobe;Totuma para beber;
Nogi;Rana;Sapillo, , , , 
Nogmaddar;Totuma para tomar inna en ceremonia;
nogmur;Cucharón;Cacillo, Cazo, , , 
Ammolo;Tia;
Surnono;Cucharon;Cacillo, Cazo, , , 
Nogsuid;Cucharon;Cacillo, Cazo, , , 
Nollogwa;Débil;Adormecido, , , , 
Mommogwa;Débil;Adormilado, , , , 
Nollosuli;Energico;Vigoroso, , , , 
Nongar;Calavera;
Noniggi;Llegó;Vino, , , , 
Nono;Cabeza;Cráneo, , , , 
Nonsagwar;Cerebro;
Saglasibu;Cana;Pelo blanco, , , , 
Amma;Tía;
Nonswili;Calvo;Rapado, , , , 
Nonswireged;Calvo;
Noo;Sapo;
Ammanoo;Sapo;
Nubi;Conejo;Liebre, , , , 
Nubigwa;Conejo;Liebre, , , , 
Nudagged;Reparar;Arreglar, Remediar, , , 
Nudsu;Imagen de madera tallada;De uso terapeútico, , , , 
Nued;Excelente;Con esmero, Con cuidado, , , 
ammuggued;Desplomarse;Tumbarse, , , , 
Nuedi;Excelente;Bueno, gracias, , 
Yeerba;Excelente;Bueno, , , , 
Nued;Mamar;
Mamnued;Mamar;
Nuegwa;Bien;Con esmero, Con cuidado, , , 
Nueggwa;Bien;Con esmero, Con cuidado, , , 
Nuga;Nombre;
Nugar;Diente;Filo, , , , 
Nugarnele;Dentista;Odontologo, , , , 
Nugarsan;Encía;
Abba;Boa;
Amurege;Turbio;Oscuro, Se refiere a liquido, , , 
Nuggu;Regazo;
Nuggued;Tener nombre;Nominarse, Ser elegido, , , 
Nuggule;Cóncavo;Sinuoso, , , , 
Nugmesed;Inscribirse;Registrarse, , , , 
Nugued;Sanar;Restablecerse, Reponerse, , , 
Nulu;Guayaba;
Nunis;Leche materna;
Nunisa;Leche materna;
Nunmagged;Dolor;Pesar, Sufrimiento, Dolencia, , 
Naibid;Dolor;Sufrimiento, , , , 
An;Yo;
Nunu;Dañado;Podrido, Putrefacto, , , 
Nus;Gusano;
Nusu;Gusano;
Nusa;Ratón;Rata, Roedor, , , 
Nuu;Seno;Teta, Ubre, Paloma, , 
Nuudagged;Mirar;
Nuusaa;Huevo de gallina;
Ganniraggwa;Huevo de gallina;
Manisibu;Huevo de gallina;
Nussuggwa;Joven;Mozo, Se refiera a edad, , , 
Ani;Yo;
Nussuggwagwa;Joven;Mozo, , , , 
Oo;Catarro;Gripe, Resfriado, , , 
Oa;Especie de maguey;
Oaed;Tender algo al sol;Asolear, , , , 
Oaramagged;Avivar fuego;Atiizar, , , , 
Sogannoed;Avivar fuego;
Oba;Maíz;Mijo Huevo de pez, , , , 
Obadded;Abatir  ;Tumbar frutas del arbol, Dejar caer , , , 
Obaggar;Al otro lado;En el lado opuesto, , , , 
Obagggale;Al otro lado;
Ana;Rama;Parte de, , , , 
Obagged;Cruzar;Atravezar
Obaned;Empujar;Ladear, Marginar, , , 
Obannoged;Alejar;Apartar, Separar, , , 
Obared;Mencionar;Acordarse, Referirse, , , 
Obdudu;Maíz nuevo;Mazorca, , , , 
Obed;Bañarse;Ducharse, Abandonar, , , 
Obeged;Dejar;Abandonar, , , , 
Obeloged;Acabar;Finalizar, , , , 
Ogwinmagged;Acabar;Finalizar, , , , 
Obgan;Maizal;
Anar;Por;En lugar de,  En sustitución, , , 
Obgialed;Sin bañarse;Ropa sucia, Mujer que ha pasado por ceremonia, , , 
Obined;Sobrante;Superar, Descollar, Voltear, , 
Obinoed;Renovar;Innovar, Remozar, , , 
Obinoged;Renovar;Innovar, , , , 
Binoed;Renovar;Innovar,Renovar, , , , 
Binoged;REnovar;Innovar, Remozar, , , 
Obinyed;Crear;Transformar, , , , 
Obired;Devolver;Restituir, Hcer regresar, , , 
Obnaged;Moler maíz;Maquina de moler maíz, , , , 
Obsag;Sopa de harina de maíz;
Anale;Por;En lugar de,  En sustitucion de, , , 
Obsiga;Pelusa de la mazorca;
Obu;Granero de maíz;Silo, , , , 
Obuu;Granero de maíz;Silo, , , , 
Obued;Deshacer algo blando;Machacar, , , , 
Obuloged;Exagerar;Extremar, Exceder, Agravar, , 
Obunnoged;Descansar;Reposar, Signode punto, , , 
Obur;Canoa;Batel, , , , 
Dabur;Canoa;Batel, , , , 
Dabuulu;Canoa;Batel, , , , 
Obured;Mezclar;Enredar, Confundir, , , 
Anbayo;Todavía no; Un momento, Espere, , , 
Oburgwed;Matar;Eliminar, , , , 
Gindagged;Matar;Eliminar, , , , 
Giloged;Matar;luchar
Obusged;Pelar;luchar 
Edared;Pelar;Quitar la cáscara, , , , 
Enubed;Pelar;Quitar la cáscara, , , , 
Odagged;Despertar;Avivar, Estimular, , , 
Odaloged;Explicar;Interpretar, Traducir, , 
Oduloged;Explicar;Interpretar, Traducir, , , 
Odeged;Bajar;Descender algo, , , , 
Yoo;Todavía no;Un momento, , , , 
Odeed;Bajar;Descender algo, , , , 
Odigigwa;Recto;Rectilíneo, , , , 
inniggigwa;Recto;Rectilíneo, , , , 
Odinnoged;Secar;Enjugar, Desaguar, , , 
Odinnoed;Secar;Enugar, Desaguar, , , 
Odoged;Meter;Introducir, Encjar, Enclavar, , 
Oduggued;Esconder;Ocultar, , , , 
Odurdagged;Enseñar;Educar, Dsiciplinar, Docente, , 
Oeged;Desmayarse;Perderse, , , , 
Negoeged;Desmayarse;
Yoogwe;Todavía no; Un momento, Espere, , , 
Oyoggued;Perder;
Ogaed;Encender;Hacer algo, , , , 
Ogaggarmagged;Agitar ramas de árbol para hacer caer frutas;
Oged;Bañar;Mojar, duchar, , , 
Obined;Sobrante;
Oginned;Apagar ;Extinguir, , , , 
Ogob;Coco;
Oggob;Coco;
Ogobasa;Resto de coco rallado;
Ogobdudu;Coco de maíz tierno;
Anbe;Diez;Cuñada dicho por un varón, , , , 
Ogobebinaled;Cocor rayado;
Ogobnagaled;Coco;Rayado, , , , 
Ogobenubed;Tenaza de pelar cocos;Descascarar coco, , , , 
Ogobgaa;Hoja de cocotero;
Ogobgan;Cocotal;
Ogobgana;Cocotal;
Ogobgwallu;Aceite de coco;
Ogobnied;Coco nacido;
Ogobnis;Leche de coco;
Ogobnisa;Leche de coco;
Abbagi;Boa;
Anbesui;Concuñado;
Ogobugga;Estopa;Cáscara de coco, , , , 
Ogobwala;Palma de coco;
Ogobwar;Tronco de coco;
Ogoled;Sonar;
Ogummagged;Quemar;Calcina, Chamusgar, , , 
Ogunned;Dar de comer;Alimentar, , , , 
Oiboged;Trasnocharse;Pernoctar, , , , 
Oied;Talar;
Oimagged;Bulla;Escándolo, Griterío, Alboroto, , 
Oisoged;Avisar;
Anbi;Yo solo;
Olaed;Tumbar;Hacer caer, , , , 
Omuggued;Tumbar;Hacer caer, , , , 
Olargan;Anillo;Aro, Sortija, , , 
Olasu;Nariguera;Anillo de la nariz, , , , 
Olli;Barro;Lodo, Fango, , , 
Olliggwa;Bebida dulce de maiz o cacao;
Ollilele;Espeso;Gelatinoso, , , , 
Olliggwagwa;Espeso;
Ollogwa;Vacío;
Ollole;Espacioso;Ancho, Amplio, , , 
Anbo;Conmigo;
Ollomagged;Vaciar;Desocupar, Ahuecar, , , 
Olobibbirgunyai;Madre tierra que gira y avanza;
Oloiddirdili;Madre tierra;Dividida en continentes, , , , 
Ololele;Circulo;Redondo, , , , 
Oroggwagwa;Redondo;
Dirbir;Redondo;
Dirbile;Circulo;Redondo, Circular, , , 
Olonailasob;Primera mujer;
Olonaiggabaler;Personaje que simboliza el mal;
Biler;Personaje que simboliza el mal;
Anbogwa;Conmigo;
Olor;Cigarra;
Olornii;Abril;
Olowagli;Unica mujer entre hermanos;
Olowaibibbiler;Personaje central de Babigala;
Ibler;Personaje central de Baigala;
Ibeler;Personaje central de Babigala;
Ololua;Orejera;
Olugged;Joyero;Orfebre, Platero, , , 
Orsobed;Joyero;Orfebre, , , , 
Omaed;Dar papilla  a bebe;Animal, Juego de escondite, , , 
Anbogwad;Mi pareja;Consorte, Esposa, , , 
Ome;Esposa;Mujer, , , , 
Sanwa;Esposa;
Omegid;Afeminado;Homosexual, , , , 
Omeloged;Aumentar;Sumar, Añadir, , , 
Meloged;Aumentar;Sumar, Añadir, , , 
Omemmermagged;Flamear;Ondear, Agitar, , , 
Omo;Organo sexual femenino;
Sisi;Organo sexual femenino;
Omoed;Hacer llegar;Reunirse con la mujer, , , , 
Omuggued;Tumbar;Hacer caer, , , , 
Angad;Mío;Mía, Mi, , , 
Olaed;Tumbar;Hacer caer, , , , 
Onaggwed;Subir;Ascender, , , , 
Onasgued;Extender;Difundir, Divulgar, Multiplicar, , 
Onasoed;Extender;
Onired;Mover del sitio;Desplazar, Trasladar, , , 
Onmagged;Reunir;Convocar, Amontonar, , , 
Iddogedneg;Casa del Congreso;
Orgunneg;Casa del congreso;
Iddogunneg;Casa del Congreso;
Onoded;Inicio;Comienzo, Introducción, , , 
Angadi;Mío;Mía, Mi, , , 
Onoged;Sacar;Titular a un alumno, , , , 
Onoed;Sacar;
Ononnoged;Ahuyentar;Espantar, Atemorizar, Alejar, , 
Onued;Dar pecho;Amamantar, , , , 
Or;Oro;
Olo;Oro;
Gungi;Oro;
Ormer;Cesta;Canasta, , , , 
Oroggwagwa;Redondo;
Dirbir;Circular;
Angi;Langostino;Crustaceo, En mi,  De mi, , 
Ololele;Redondo;Circular, , , , 
Oros;Arroz;
Orossor;Concolón;
Orossola;Concolón;
Orsar;Utensilio de cocina para amasar plátano;
Orwaib;Pez ballesta;Pejepuerco, , , , 
Muusele;Pez cochino;
Oseniggued;Achicar;Reducir, Disminuir, , , 
Osgomagged;Sollozar;Llorar, Lloriquear, , , 
Osgon;Agallas;Amigdalas, , , , 
Annagwa;Cuñada;Hermana del maridol, , , , 
Osi;Piña;
Osidiggi;Muy dulce;Dulzón, , , , 
Osinis;Jugo de piña;
Osinisa;Jugo de piña;
Osogwa;Estrecho;Angosto, Ceñido, , , 
Ossi;Azucar;Platano primitivo, , , , 
Sugar;Azúcar;
Osuggued;Enfriar alguna debida;
Osugued;Alargar;Prolongar, , , , 
Osuloged;Anular;Negar, , , , 
Annagwa;Cuñada;Hermana del marido, , , , 
Oswiswimagged;Sacar punta;Afilar, , , , 
Owardiggued;Mojar;
Owiloed;Añadir más líquido;
Wiloed;Añadir;
Wiloged;Añadir más líquido;
Owisoged;Informar;Avisar, Notificar, Anunciar, , 
Oyoed;Mostrar;Manifestar, Expresar, Exponer, , 
Oyeged;Mostrar;Exponer, , , , 
Oyoggued;Perder;Extraviar, , , , 
Oeged;Perder;Extraviar, , , , 
Aadi;eso;
Abbalalla;Centrico;
Anna;Hola;Que tal, , , , 
Saa;Excremento;Heces, Excreta, Oxido, , 
Saabio;Diarrea;Evacuaciones liquidas, , , , 
Disegad;Diarrea;
Sadib;Diarrea;
Saamesed;Oxidarse;Corroerse, , , , 
Saban;Estómago;Vientre, , , , 
Sader;Estómago;Vientre, , , , 
Sagi;Estómago;Vientre, , , , 
Sabban;Leña;
Sabbi;Arbol;Arbusto, , , , 
Naa;Hola;Que tal, , , , 
Sabbibenega;Seno materno;
Sabbidurba;Fruta;
Sabbigaa;Hoja del arbol;
Sabbigarda;Arbol de hojas amargas;
Sabbimali;Raíz del árbol;
Sabbimima;Cogollo de la raíz de la planta;
Sabbin;Joven;Discíoulo, Alumno, , , 
Sabbir;Zurdo;Izquierda, , , , 
Sabbiled;Zurdo;Izquierda, , , , 
Sabbisagla;Raíz del árbol;
Annaed;Pisar;
Sabbimali;Raíz del árbol;
Sabbiugga;Corteza de árbol;
Sabbiwar;Tronco de árbol;
Sabbiwala;Tronco de árbol;
Sabbur;Bosque;Monte, Selva, , , 
Sabdur;Jagua;
Sidsi;Jagua;
Sabed;Amor;Cariño, Afecto, , , 
Sabga;Carta;Mensaje, Hoja, cuaderno, , 
Sabgaaled;Chocolate;Marrón, , , , 
Annugged;Lavarse las manos;
Nabbagiid;Chocolate;Marrón, , , , 
Sabgasuwar;Lápiz;Lapicero, , , , 
Sabgued;Amar;Encariñarse, , , , 
Saboged;Guardar;Ahorrar, Conservar, Archivar, , 
Sabsursaed;Maltratar;Dañar, Lastimar, , , 
Sabured;Enagua;Frazada, , , , 
Sadde;No hay;Nada, Cero, , , 
Saddewar;Palo santo;
Saddewala;Palo santo;
Sader;Estómago;Vientre, , , , 
Ansig;Hacia mi;Del lado mio, , , , 
Sagi;Estómago;Vientre, , , , 
Sadued;Defecar;Excretar, Deponer, , , 
Disnaed;Defecar;
Aggued;Defecar;
Sae;Ayer;
Saed;Hacer;Realizar, Ejecutar, , , 
Imagged;Hacer;Realizar, Ejecutar, , , 
Saedagged;Odiar;Repudiar, , , , 
Isdardagged;Odiar;Repudiar, , , , 
Saeiddoged;Disgustarse;
Ansiggi;Hacia mi;Del lado mio, , , , 
Sagbundor;Suegra;
Saggabunadola;Suegra;
Sagga;Suegro o suegra;
Saggan;Ala;Aleta, , , , 
Saggi;Red;Malla, , , , 
Saggileged;Machucarse;Magullarse, Ser robado, , , 
Saggumagged;Masticar;Mascar, , , , 
Saggwa;Brazo;
Surgan;Brazo;
Swida;Brazo;
Ansu;Sirena;
Sagi;Estómago;
Sagirburwa;Viento del noroeste;
Sagisuid;Glotón;Insaciable, Hambriento, , , 
Sagla;Guía religioso;Autoridad de la comunidad, , , , 
Sagladummad;Autoridad mayor comarcal;
Saglagia;Cabello;Pelo, , , , 
Saglar;Con toda la raíz;
Saglale;Con toda la raíz;
Saglabela;Con toda la raíz;
Saglasibu;Cana;Pelo blanco, , , , 
Anwar;Envuelto;Refiere a medicamento o alimento, , , , 
Nonosibu;Cabello blanco;
Sagmassered;Suegro;
Saggamassseredi;Suegro;
Sagu;Saco;Bolsa, , , , 
Salli;Martín Pescador;
Sallig;Llevar algo a la cadera;
Salliggine;Llevar algo a la cadera;
Salluleged;Magullarse;
Salu;Almeja del río;
Samor;Pañal;Sabanilla, , , , 
Anwale;Envuelto;
Samu;Comején;
Samur;Intestino;Entraña, Víscera, , , 
Sana;Cuándo;
Ingua;Cuándo;
Sana;Carne;
Sanargued;Demorar;Apersonarse, Manifestarse, Aparecer, , 
Sangwa;Esposa; Mujer de, , , , 
Ome;Esposa;Mujer, , , , 
Sargag;Variedad de Tucán;
Saligagga;Variedad de Tucán;
Anwed;Envolver;
Sargi;Bejuco;
Sarsoged;Pegar;Golpear, , , , 
Sasir;Cintura;
Saya;Ano;
Saataa;Ano;
Sayee;Insípido;
Sayegwa;Insípido;Desaborido, , , , 
Sedaged;Traer hacia uno;
Seded;Cargar;Transportar, , , , 
Sedo;Tarde;Por la tarde, , , , 
Abanned;Olor;
Arad;Azul;
Dadnade;Tarde;Por la tarde, , , , 
Sedogwen;Apenas anochecio;Al oscurecer, , , , 
See;Aleta;De verbo semilla, , , , 
Seed;Llevar;Cargar, Guiar, Gobernar, , 
Segar;Fósforo;Cerilla, , , , 
Seggar;Fósforo;
Sela;Marinero;Navegante, , , , 
Selelleged;Fuerte;Duro, Macizo, Sólido, , 
Duddusulid;Fuerte;Duro, Macizo, Sólido, , 
Senigwa;De tamaño menor;No tan pequeño, , , , 
Aramagged;Avivarse el fuego;
Saisaale;De tamaño pequeño;No tan pequeño, , , , 
Yaigwa;De tamaño pequeño;
Senya;Axila;Sobaco, , , , 
Sered;Viejo;Mayores, Antepasados, , , 
Sergan;Viejos;Mayores, , , , 
Sergued;Paso de pubertad;
Yaaleged;Paso de pubertad;
Sese;Saltamontes;Insecto, Grillo, , , 
Siagwa;Cacao;
Sia;Sobrina;Cacao, , , , 
Arbaed;Trabajar;Afanarse, Laborar, , , 
Sianar;Brasero;Recipiente de arcilla, , , 
Sianala;Brasero de arcilla;
Sibad;Chivo;Cabra, , , , 
Sibbor;Rubia;Mujer de color claro, , , , 
Sibbu;Rubio;Varón de color claro, , , , 
Sibbugwad;Blanco;
Sibbusuli;Oscuro;Tosco, Negro, , , 
Gorosuli;Oscuro;Fosco, Negro, , , 
Sibeb;Escarabajo;
Sidsi;Jagua;
Arbag;A escondidas;A espaldas,  A hurtadillas, , , 
Sabdur;Jagua;
Sidsid;Negro;Oscuro, Prieto, , , 
Sidsir;Hormiga;
Sied;Sentar a alguien;Colocar, Poner, Colocar, , 
Siga;Vello;Barba, Pelo, , , 
Absar;Vello;barba, Pelo, , , 
Absala;Vello;Barba, Pelo, , , 
Sigabula;Pez barbudo;Barbón, Barbudo, , , 
Sigali;Cigarrillo;
Siged;Sentarse;Tomar asiento, Posarse, , , 
Arbagge;A escondidas;A espaldas, , , , 
Siggasigga;Picotear;Picar, No dar en el blanco, , , 
Sigged;Cortar;Seccionar, Trozar, Partir, , 
Siggirmagged;Echarse atrás;Retroceder, Retroceso, , , 
Siggwas;Breve;Poco, No mucho, , , 
Siggwasobunnoged;Descanso breve ;Signo de coma, , , , 
Siggwi;Pájaro;Ave, Secretario, Interprete, , 
Siggwigolo;Canario;
Siggwisis;Talingo;Changamé, , , , 
Siggwisidsi;Talingo;
Ammaser;Talingo;
Arbaggegwa;A escondidas;A espaldas, , , , 
Ammasele;Talingo;
Sigli;Pavón;
Sigu;Flecha;Dardo, , , , 
Sile;Canasta;Cesto grande, , , , 
Silisilid;Asma;
Gullugullud;Asma;
Sirsirid;Asma;
Simmur;Nudo;
Simu;Ombligo;
Arbi;Estuvo;Vino, , , , 
Sina;Puerco;Cerdo, , , , 
Sindua;Jamón;Pierna de puerco, , , , 
Singalu;Porqueriza;Chiquero, , , , 
Sinneg;Porqueriza;
Singwallu;Grasa;Matenca de puerco, , , , 
Sinna;Pájaro Carpintero;
Sinnisinni;Arrugado;Ajado, , , , 
Babbibabbi;Arrugado;Ajado, , , , 
Dunnudunnu;Arrugado;Ajado, , , , 
Sisa;Bebida alcoholica;
Sisgwa;Hija; Pasada periodo de pubertad, , , , 
Sobed;Construir;Dibujar, Persona que prepara bebida fermentada de caña, , , 
Sodso;Sobra;Pedazo medio usado, , , , 
Sodsogwale;Picado;Raspado, Lacerado, , , 
Gwiligwili;Picado;Raspado, , , , 
Sogag;Cocina;
Sogannoged;Altizar el fuego;
Oaramagged;Atizar fuego;
Soged;Decir;Manifestar, Comunicar, Expresar, , 
Bied;Decir;Pronunciar, , , , 
Argaale;Abierto;
Soggu;Como es así; Como se dice eso, , , , 
Segegua;Como es así;Como se dice eso, , , , 
Sogun;Brasa;Carbón, , , , 
Solaba;De último;
Solabali;De último;Ultimo, , , , 
Solanabbi;De último;
Sole;Acido;Agrio, , , , 
Solerba;Muy ácido;
Solesolegwa;Ligeramente ácido;
Somgued;Grosor;Espesura, , , , 
Egaar;Abierto;
Sone;Anda;Camina, Vamos, , , 
Soo;Fuego;Fogón, , , , 
Sor;Trasero;Nalga, Glúteo, , , 
Sola;Trasero;Nalga, , , , 
Sorba;Detrás;Después de, Atrás, , , 
Solabali;Detrás;Después de, Atrás, , , 
Sorgaed;Timonear;Manejar, Conducir, , , 
Sorgar;Pelvis;
Sorgwagwa;Corto;Muy corto, , , , 
Giale;Corto,Muy corto;
Yabbanned;Olor;
Egaale;Abierto;
Giaggwagwa;Corto;Muy Corto, , , , 
Sorsig;Invertido;Al revés, Inverso, , , 
Sorsiggi;Por el trasero;
Sour;Barco;Navío, Buque, , , 
Soulu;Barco;Navío, Buque, , , 
Sourguggualed;Avión;Aeroplano, Aeronave, , , 
Guggualed;Avión;
Suba;Saco;Chaqueta, Gabán, , , 
Subbe;Instrumento musical de bambú;
Sue;Arcoiris;
Argaed;Vigilar;Rondar, Observar, Abrirse, , 
Sued;Escoger;Seleccionar, Coger, , , 
Suenamor;Bandera;Estandarte, , , , 
Suenamola;Bandera;Estandarte, , , , 
Bander;Bandera;
Suga;Cangrejo;
Sugagli;Cangreso manglero;
Aglisug;Cangreso manglero;
Aglisuga;Cangrejo Manglero;
Sugwedar;Cangreso manglero;
Suggammi;Jaiba;
Argan;Mano;
Niggibili;Jaiba;
Sugge;Corriente fluvial;
Suggu;Pez espada;
Suggun;Esquina;Bahía, Ensenada, , , 
Sugmurmurud;Centollo;
Sugsugsaed;Chupar;Sorber, , , , 
sugswili;Cangrejo moro;
Sugued;Medida de longitud;
Sugwedar;Cangreso manglero;
Argana;mano;
Sugweddar;Cangreso manglero;
Aglisug;Cangreso manglero;
Aglisuga;Cangrejo manglero;
Sugagli;Cangrejo manglero;
Sui;Marido;Esposo, , , , 
Uga;Marido;Esposo, , , , 
Suibagga;Largo;Bastante largo, , , , 
Suidbagga;Largo;Bastante largo, , , , 
Suiddonbo;Un dólar;
Suidi;Extenso;Estirado, Muy largo, , , 
Arganmaddar;Dorso de la mano;
Mullusuli;No corto;
Suir;Perdiz de rastrojo;
Suiraggwagiid;Morado;
Guddurgwa;Morado;
Sule;Conejo pintado;
Nabbanono;Conejo pintado;
Suli;No; No desear algo, , , , 
Yabba;No; No desear algo, , , , 
Sulu;Mono;Primate, , , , 
Sulubagibebeniggad;Aguila Harpía;
Argannuggwen;Puñado;Un puñado, , , , 
Sulubagi;Aguila;
Sunmagged;Hablar;Expresar, Idioma, Oración, , 
Sunnasoged;Excelente;Optimo, , , , 
Sunnasuli;Malo;Dañado, Feo, , , 
Issaggwagwa;Malo;Dañado, Feo, , , 
Sur;Racimo;
Suller;Racimo;
Sullele;Racimo;
Surgan;Brazo;
Swida;Brazo;
Argar;Costilla;Interprete del canto de sagla, , , , 
Saggwa;Brazo;
Surnono;Cucharón;Cacillo, Cazo, , , 
Nogmur;Cucharón;Cacillo, Cazo, , , 
Nogsuid;Cucharón;
Sussua;Mariposa;Polilla, Palomilla, , , 
Sussu;Mariposa;
Mommor;Mariposa;
Susu;Hermanito dicho por una mujer;
Suu;Gorgojo;Comején, , , , 
Argala;Costilla;Interprete del canto del sagla, , , , 
Suugwa;Mareado;aturdido
Suusuu;Mareado;Ebrio, , , , 
Suurmagged;Derramar ;Sudar, Derramar sudor, , , 
Suwar;Palo;
Suwarbadde;Vasija de madera;
Baddesuwar;Vasija de de madera;
Suwaribed;Custodio y guardián de la comunidad;
Swanswan;Resbaloso;
Gwaregware;Resbaloso;
Masimasi;Resbaloso;
Ari;Iguana ;
Swara;Instrumento musical hecho de bambú;
Surgued;Perderse;Morir, Fallecer, , , 
Swiddi;Guanábana;
Swilidig;Recto;Sin defecto, Limpio, , , 
Swilidiggi;Recto;Sin defecto, Limpio, , , 
U;Nido ;Nido, , , , 
Uu;Nido;
Ua;Pez;Pescado, , , , 
Uadug;Oreja;
Uaduggu;Oreja;
Uagarba;Nasa;
Arinii;Febrero;
Uagi;Delfín;
Uas;Techo;Paja que cubre la casa, , , , 
Uasaggan;Aleta de pez;
See;Aleta;
Uaya;Oído;
Cuñado;Dicho entre varones;
Uba;Cuñado;
Ubed;Alero frontal o trasero de la casa;
Ubebe;Alero frontal de la casa;
Ubi;Harina de maíz tostado;
Abbarmagged;Correr;
Aroged;Derramarse;
Ubimagged;Moler;Pulverizar, , , , 
Naged;Moler;
Ubiubi;En polvo;Pulverizado, Molido, , , 
Uboged;Ingresar;Entrar, , , , 
Ubsan;Algodón;
Uda;Dame;Del verbo dar
Udage;Dame;Del verbo dar
udded ;Agujerear; hacer hoyo, , , , 
Udged;Perforar;
Arioged;Derrarse;
Udu;Moho; Hongo, , , , 
Udurun;Tronco viejo y podrido ;
Ued;Oler;Olfatear, Fumar, Calentura, , 
Uegwa;Tibio;Cálido, No tan caliente, , , 
Ueued;Tibio;Cálido, , , , 
Ueleged;Enfermarse;
Gegued;Enfermarse ;
Uereged;Ardiente;Caliente, , , , 
Diobbisulid;Ardiente;Caliente, , , , 
Diyobbisulid;Ardiente;Caliente, , , , 
Arsan;Escalera;Escalinata, , , , 
Uegwa;Cálido;No tan caliente, , , , 
Uga;Marido;Esposo, , , , 
Sui;Marido;Esposo, , , , 
Ugargwag;Huevo de iguana;
Ugarggwagwa;Huevo de iguana;
Ugga;Piel;Cáscara, , , , 
Picazón;Sarpullido;
Aimagged;Picazón;Comezón, , , , 
Uggabbale;Con cáscara;
Uggabela;Con cáscara;
Arwed;Romperse las olas;
Uggaelied;Toalla;Paño, , , , 
Uggamullu;Grano;Absceso, , , , 
Uggaswan;Desnudo;
Uggaswiri;Desnudo;
Ugged;Dar;Ceder,Entregar, Vender, , , 
Uggiasgin;Encima;Sobre, , , , 
Asgine;Encima;Sobre, , , , 
Birgi;Encima;Sobre, , , , 
Uggiar;De repente;Repentino, , , , 
Uggiale;De repente;Repentino, , , , 
As;Yerno;
Uggiarmaggar;Repentino;
Uggub;Arena;
Uggubbiid;Arenoso;
Uggubdug;Pez lenguado;
Uggubdugu;Pez lenguado;
Uggubua;Pez lenguado;
Uggubir;Playa;Costa, , , , 
Uggubbir;Playa;Costa, , , , 
Uggubmileged;Huevo de tortuga;
Uggubsan;Huevo de tortuga;
Sabbin;Yerno;
Uggud;Hambre;Apetito, , , , 
Uggugwa;Liviano;Leve, Bajo de peso, , , 
Uggunagbe;Serpiente cascabel;
Uggurwala;Balsa;
Uggusuli;Pesado;Sólido, , , , 
Agdiggi;Pesado;Sólido, , , , 
Agdiggirba;Pesado;
Ugguuggud;Sed;
Ugguugguiddoged;Estar sediento;
Ugsi;Armadillo;
Asabin;De frente;Frente a frente, , , , 
Ugsir;Murciélago;
Ular;Manzanillo;
Ulassui;Piragua;
Uluasusuido;Pragua;
Ulasu;Proa;
Ulu;Cayuco;
Ulugwa;Baúl;Maleta, Cajón, , , 
Ulur;Mono aullador;
Uma;Mono colorado;Especie de primate 
Umamagged;Ardor;Picor, , , , 
Asabbin;De frente;
Aurmagged;Ardor;Picor, , , , 
Unaed;Aconsejar;Orientar, , , , 
Undar;Exagerado;Desmedido, , , , 
Obbor;Exagerado;En extremo, , , , 
Obbole;Exagerado;
Abbole;Exagerado;
Abbole;Exagerado;
Beedse;Exagerado;
Unged;Arrancar;Sacar, Quitar, , , 
Ungued;Calambre;
Asayaa;Fosa nasal;
Unid;Cuadrúpedo;De cuatro patas, , , , 
Unimagged;Gatear;Arrastrarse, , , , 
Unni;Basta;Suficiente, , , , 
Unnidba;Bastante;Mucho, Suficiente, , , 
Unniddiba;Suficiente;
Yaibaa;Bastante;
Unnila;Solo;Unico, Casi no, , , 
Unnilagwa;Casi no;Solo, , , , 
Unniladuggu;Casi;Por poco, , , , 
Unsaed;Medir;Calcular, , , , 
Asban;Sabandija;
Unus;Variedad de sardina;
Urba;Debajo de; Hermano menor, , , , 
Ulubali;Debajo;Con el cayuco, , , , 
Urbed;Colocar;Poner, , , , 
Urbode;Bote salvavida;
Urdub;Soga;Cuerda, , , , 
Urduba;Soga;Cuerda, , , , 
Uluduba;Soga;Cuerda, , , , 
Urgasi;Quilla;
Urgo;Madera;
Abarmagged;echar a correr;
Asdo;Anteayer;Hace dos días, , , , 
Urmor;Vela;
Ulumola;Vela;
Ursir;Bravucón;
Ursili;Bravucón;Colérico, Reñidor, , , 
Ursor;Popa;
Ursola;Popa;
Uluwala;Árbol de cedro;
Uluwala;Arbol de cedro;
Urgwed;Combatir;Guerrear, , , , 
Bilaonoged;Combatir;Guerrear, , , , 
Asdubin;Mapache;
Urwed;Combatir;
Us;Ñeque;Conejo, , , , 
Usu;Ñeque;Conejo, , , , 
Usgwagwa;Breve;Corto, , , , 
Mussigwa;Breve;Corto, , , , 
Sorgwagwa;Corto;
Meddoggwagwa;Corto;
Meddogwa;Corto;
Usgwin;Ardilla;
Usgwini;Ardilla;
Asgin;Encima;Sobre, , , , 
Gwin;Ardilla;
Usuyae;Danza del ñeque;
Uugassi;Hamaca;
Gassi;Hamaca;
Waa;Humo;Fumada, , , , 
Waagammu;Chimenea;
Waar;Breva;Tabaco, , , , 
Waawaad;Peludo;Velludo, Asolearse, , , 
Wabun;Hilastra;
Wadsi;Reloj;
Asgine;Encima;Sobre, , , , 
Waed;Sahumarse;Medicarse, Asolearse, , , 
Waga;Extranjero;Ladino, No guna,  No indígena, , 
Wagab;En presencia de; Delante de, , , , 
Wagar;Cara;Rostro, Semblante, , , 
Wagala;Cara;Rostro, , , , 
Wagargaed;Retratar;Fotografiar, , , , 
Burbagaed;Retratar;Fotografiar, , , , 
Wagarwilubgaed;Retratar;Fotografiar, , , , 
Wagarsan;Mejilla;
Wagarsana;Mejilla;
Birgi;Encima;Sobre, , , , 
Wagarued;Besar;
Wagarwilub;Fotografia;Foto, , , , 
Wagbinnu;Marañon;
Wagdar;Temprano;
Wagdara;Temprano;
Waggudaea;Temprano;
Wagdub;Hilo de coser;
Wagaduba;Hilo de coser;
Waggaga;Idioma extranjero;
Waggaya;Idioma extranjero;
Birgine;Encima;Sobre, , , , 
Waggagga;Idioma extranjero;
Waggindiid;Prófugo;Fugitivo, , , , 
Wagginned;Escaparse;Huir, Fugarse, , , 
Waggudaryala;Muy temprano;
Wagi;Lora de cabeza azul;
Wagibler;Nele de la historia;Especialista de aves, , , , 
Wagibelele;Nele de la historia;Especialista de aves, , , , 
Wagmadun;Banano;
Wagneg;Ciudad;Comunidad de extranjero, , , , 
Waganega;Ciudad;Comunidad de extranjeros, , , , 
Asgun;Boca abajo;
Wago;Primera criatura  en la tierra; Padre de arboles, , , , 
Wagub;Ñame;
Wagwa;Nieto;
Waladiggi;Mojado;Empapado, , , , 
Waragwa;Mojado;
Walar;Alargado;Largo, , , , 
Walale;Alargado;Largo, , , , 
Walig;Cerca;Junto a, Cerquita, , , 
Waliggagwa;Cerca;Cerquita, , , , 
Nagaba;Cerca;Junto a, Pegado a, , , 
Asmied;Estornudar;
Iddigigwa;Cerquita;
Waliggued;Arrimarse;
Moed;Arrimarse;
Wan;Pene;
Wana;Pene;
Alu;Pene;
Bane;Pene;
Wannug;Variedad de palma para techo de la casa;
Waraggwa;Delgado;Estrecho, , , , 
Waraggwagwa;Delgado;Estrecho, , , , 
Ismied;Estornudar;
Waragwa;Mojado;
Waladiggi;Mojado;
Wardad;Gordo;Obeso, , , , 
Waladada;Gordo;
Wardummad;Gordo;
Wardiggued;Mojarse;
Adsiggied;Mojarse;
Wargwen;Uno;Objeto alargado, , , , 
Walagwena;Uno;
Wari;Ñampí;
Asmu;Variedad de abejas;
Warmagged;Llegar;Alcanzar, Lograr, , , 
Wasa;Bebé;Nene, , , , 
Goe;Bebé;Venado, , , , 
Wawadiggi;Perfumado;Oloroso, , , , 
Wawagwa;Perfumado;Oloroso, , , , 
Wawanmagged;Temblar;Tiritar, , , , 
We;Este;Esta, Ese, , , 
Wedi;Este;Esta, Ese, , , 
Iddi;Este;Esta, Ese, , , 
Weba;Allá;Lejos, Distante, , , 
Webali;Por allá;
Abbinnii;Septiembre;
Adsa;Variedad de abejas;
Wedar;Saíno;Puerco de monte, , , , 
Weed;Recoger;Acopiar, , , , 
Bised;Recoger;
Weggo;Halcón;
WegiAquí;Acá;
Wegine;Aquí;Acá, , , , 
Wegii;Así;
Weyob;Así;De esta manera, , , , 
Weligwar;Feliz;Radiante, , , , 
Weligwale;Feliz;
Assaed;Dar señas;Molestar, , , , 
Wergued;Disfrutar;Gozar, Alegrarse, , , 
Werug;Guágara;
Werwer;Tucán;
Wesar;Cuchara;Cucharón, , , , 
Wese;Fin;Hasta aquí, , , , 
Bela;Fin;Hasta aquí, , , , 
Wesig;Hacia allá;
Egesig;Hacia allá;
Iddisig;Hacia allá;
Wewe;Grillo pequeño de la arena;
Assirmagged;Rasgarse algún tejido;
Weyob;Así;De esta manera, , , , 
Wegii;Así; De esta manera, , , , 
Wiagged;Escupir;
Wiaged;Escupir;
Widsub;Hicaco;
Wied;Pereza;
Wiegala;Perezoso;Vago, , , , 
Wigoed;Silbar;
Wii;Saliva;Baba, , , , 
Galis;Saliva;
Assu;Jaguar;Perro, , , , 
Gaglis;Saliva;
Wila;Hondo del mar o de río;
Wilasagla;Aguas muy profundas;
Wiledagged;Compadecer ;Tener lastima hacia otra persona 
Wileged;Sufrir;Empobrecido, Falto de, , , 
Wileiddoged;Tristeza;Pesadumbre, , , , 
Buggibbinsaed;Tristeza;
Wilub;Señal;Símbolo, , , , 
Wilubira;Igual;Justo, , , , 
Wilubbiragwa;Igual;Justo, , , , 
Assunned;Abrise la flor;brotar, , , , 
Wilubdagged;Experimentar;Probar, , , , 
Wilubgan;Simbolismo;
Burbagan;Simbolismo;
Wilubsaed;Probar;Medir, , , , 
Wilubimagged;Probar;Medir, , , , 
Wimagged;Sudar;Transpirar, , , , 
Wini;Abalorio;Collar, Chaquira, , , 
Wingwa;Abalorio;
Winnaed;Orinar;
Magasdagged;Orinar;
Asu;Nariz;
Winni;Orina;Oríne, , , , 
Winonied;Deseñador abalorios para dorno;
Wirgued;Medida de profundidad de liquido;
Wirsob;Golondrina;
Gigsiggwi;Golondrina;
Wirwir;Batidora;
Wisde;No sé; Quien sabe, , , , 
Wissurmo;No sé;
Wissuli;No sé;
Wisgued;Saber;Conocer, Estar al tanto, , , 
Asudug;Punta de la nariz;Delantera,  el que va primero, , , 
Yaa;Puerta;Portón, , , , 
Yawagag;Puerta;Portón, , , , 
Yawag;Puerta;
Yaagwa;Señorita;Joven, Soltera, , , 
Yaaleged;Paso a la pubertad;
Sergued;Paso a pubertad;
Yaba;Dentro;Adentro, , , , 
Yaaba;Dentro;Adentro, , , , 
Yabba;No;No desear algo, , , , 
Suli;No;
Asuduggu;Punta de la nariz;Delantera, El que va primero, , , 
Yabbanned;Olor;
Abbanned;Olor;
Yabi;Llave;
Yabised;Llavero;
Yagganna;Bastante grande;
Yaibaa;Bastante grande;
Yagged;Gotear;
Deemagged;Gotear;
Yaggumagged;Cabecear;
Yagguyaggud;Cojo;Dar brincos, , , , 
Aswe;Aguacate;
Muyamuyad;Cojo;
Yaigwa;De tamaño menor;No tan pequeño, , , , 
Yaisaale;No tan pequeño;
Senigwa;De tamaño menor;
Yassuli;Cuantioso;Abundante, , , , 
Buggidara;Abundante;
Nagege;Cuantioso;Abundante, , , , 
Yala;Montaña;Territorio, , , , 
Yaladela;Pez cola amarillo;Pez cola amarilla 
Bunnugoro;Pez pargo sesí;
Aurmagged;Ardor;quemazon 
Yallile;Sordo;No sigue órdenes, , , , 
Yamodaed;Aparentar;Simular, Fingir, , , 
Yannu;Jabalí;
Yanwan;Taladro;Broca, , , , 
Yarba;Al lado;Inmediatamente después, , , , 
Yalaba;Al lado;
Yarbi;Anguila;
Yarbir;Cima;Cumbre, , , , 
Yalabiri;Cima;Cumbre, , , , 
Yalabilli;Cima;Cumbre, , , , 
Abbured;Enredarse;
Aya;Amigo;Compañero, Conocido, Aliado, , 
Yarduddur;Cima;Cumbre, , , , 
Yarburwa;Viento del sur;
Yalaburwa;Viento del sur;
Yardagged;Competir;Disputar, , , , 
Yargan;Espalda;Dorso, , , , 
Yarmoro;Tortuga de monte;
Morogoi;Tortuga de monte;
Yarolo;Cerro;Montaña de poca altura, , , , 
Yalaolo;Cerro;
Yaug;Tortuga;Carey, , , , 
Ai;Amigo;Compañero, Conocido, Aliado, , 
Yaugnii;Mayo;
Yeer;Bueno;Bonito, , , , 
Yeerba;Bueno;Bonito, , , , 
Yegued;Cansarse;Fatigarse, , , , 
Geggued;Cansarse;
Yobbiragwad;Equitativo;
Yobbo;Inflamación de ganglios;
Yobi;Igual;Como, , , , 
Emala;Igual;
Nayobi;Igual;
Ayagwale;Amistad;Amistoso, , , , 
Yobiyobi;De igual cantidad;
Yoed;Meter;Conectar, Poner, Asar, , 
Yoggor;Rodilla;
Yogsaar;De cualquier manera;
Yogasaale;De cualquier manera;
Yola;Verano;Sin lluvia, , , , 
Yolasagla;Día claro;Sin lluvia, , , , 
Yoleba;Veranillo;
Yoleged;Tropezarse;Encallar, , , , 
Yolle;Ladeado;Inclinado, , , , 
Aigwalw;Amistad;Amistoso, , , , 
Yoreged;Ladeado;Inclinado, , , , 
Yollemagged;Ladearse;
Yollemaggerba;Que se ladea mucho;
Yolleyolle;Que se ladea mucho;
Yoo;Todavía no;
Yoogwe;Todavía;Aún no, , , , 
Anbayoo;Todavía no;
Yoddedaed;Indecoroso;Impúdico, , , , 
Yoreged;Ladeado;Inclinado, , , , 
Yolle;Ladeado;Inclinado, , , , 
Ayaleged;Amistarse;
Yorgued;Dejar de llover;Escampar, , , , 
Yornii;Enero;
Yolanii;Enero;
Yoruggu;Mediodía;
Dadyoruggu;Mediodía;
Balibi;Igual;
Bengile;A credito;
Binasdiggi;Poco a poco;
Binsar;Gratis;
Esuwar;Punzón;
Aileged;Amistarse;
Argar;Interprete;
Baba;Gran Padre;Ser supremo, , , , 
Biired;Torcido;
Diirmagged;Corriente fluvial;
Eswar;Chuzo;
Negburgandagged;Soñar;
Uboged;Ingresar;
Aye;Sí;De acuerdo, , , , 
Eye;Sí;De acuerdo, , , , 
Baa;Tres;
Baabag;Ocho;Octavo, , , , 
Abured;Confundirse;
baabagga;Ocho;Ocatvo, , , , 
Bab;Papà;Padre, Progenitor, , , 
Baba;Papà;Padre, Progenitor, , , 
Babdummad;Gran Padre;Ser Supremo . Dios 
Babbarmagged;Rodar;Girar, Ser arrastrado, , , 
Babbibabbi;Arrugado;Ajado, , , , 
Babdummad;Gran Padre;Ser supremo, , , , 
Sergan;Antepasados;
Dadgan;Antepasados;
Babigar;Camino de Baba;Tratado de Baba y Nana, , , , 
Abdagged;Esperar;
Babigala;Camino de Baba y Nana; Tratado de Baba y Nana, , , , 
Babneg;Morada de Baba y Nana;
Babnega;Morada de Baba y Nana;
Babome;Madrastra;
Babser;Abuelo;
Babsered;Abuelo;
Badde;Plato;Bandeja, Platillo, , , 
Badded;Caerse;Bajar, , , , 
Baddesuwar;Vasija de madera para amasar;
Baddiggwa;Tortuga de agua dulce;Jocotea, , , , 
Abiddoged;Aguardar;
Badir;Sacerdote;Cura, , , , 
Badu;Pato;
Baged;Abstenerse;
Bagga;Ballena;
Baggar;Exresiòn franca;Directa, De frente, Comprado, , , 
Baggale;Expresiòn franca;Directa, De frente, Comprado, , 
Bagged;Comprar;Adquirir, , , , 
Baglawar;Guayacàn;
Bugasui;Hermano de Ibeler;Venus, Lucero, , , 
Baglawala;Guayacàn;
Baid;Otro;Ademàs, , , , 
Aaga;Por eso;
Edarbed;Ir al encuentro;
Baidi;Otro,Además;
Baisuli;No importa;No vale la pena, , , , 
Bala;Nuera;
Baled;Introducir liquido en recipiente;
Baleginned;Perseguir;Ir detrás de, , , , 
Balibali;Frecuentemente;Siempre, Repetidas veces, , , 
Balibalidi;Frecuentemente;Siempre, , , , 
Emarbi;Igual;Lo mismo, Uniforme, , , 
Baliwiddur;Espìritu guia;Custodio, Guardian, Protector, , 
Baliwiddule;Espìritu guia;Custodia, Guardian, Protector, , 
Abe;Sangre;
Balu;Sal;
Balubalu;Con poca sal;Saladito, , , , 
Balurba;Salado;Pasado de sal,  Salobre, , , 
Balusagla;Salado;Pasado de sal, Salobre, , , 
Baluwar;Arbol de sal;Simbología de opresiòn, , , , 
Baluwala;Arbol de sal;Simbologìa de opresiòn, , , , 
Igubwar;Arbol de sal;
Igubwala;Arbol de sal;
Banamagged;Tambalearse;Balancearse, , , , 
Banbaa;Lejos;Distante, Alejado, , , 
Ablis;Sangre;
Banbagwa;Lejos;Distante, Alejado, , , 
Bannabaa;Lejos;Distante, Alejado, , , 
Bander;Bandera;Estandarte, , , , 
Suenamor;Bandera;Estandarte, , , , 
Suenamola;Bandera;Estandarte, , , , 
Bane;Pene;Miembro viril, , , , 
Alu;Pene;Miembro viril, , , , 
Wana;Pene;Miembro viril, , , , 
Bane;Mañana;Otro dìa, , , , 
Baneswida;Tijereta;
Abedub;Vena;
Banebane;Adiario;Diariamente, , , , 
Baneswida;Tijereta;
Bangi;Al otro día;Al dia siguiente, , , , 
Banegine;Al otro dìa;Al dia siguiente, , , , 
Banmalo;Hasta mañana;
Banemalo;Hasta mañana;
Banna;A què distancia; Por dónde, , , , 
Bulebanna;A què distancia; Por donde, , , , 
Bansus;Colibrì;Chupamiel, , , , 
Barbuloged;Agravar;Empeorar, Desmejorar, , , 
Abeduba;Arteria;
Burgued;Agravar;Empeorar, Desmejorar, , , 
Bardagged;Acompañar;Guiar, Acompañante, , , 
Bardani;Al regreso;A la vuelta, , , , 
Bardudnii;Diciembre;
Balududdunii;Diciembre;
Bargaed;Alcanzar;Controlar, Sostener, Aguantar, , 
Bargo;Burgado;Caracol 
Bargonus;Burgado;Caracol 
Bargonusu;Burgado;Caracol 
Barmayed;Empujar;Apoyar, Palo superior de una vela, , , 
Ablisdudub;Arteria;
Barmied;Enviar;Mandar, Remitir, , , 
Barsoged;Atestiguar;Interpretar, , , , 
Barwisoged;Imitar;Remedar, , , , 
Baryawar;Arbol de pino;
Baryawala;Arbol de pino;
Basgwa;Camaròn;
Busgu;Camarón;
Basumagged;Hamaquearse;Mecerse, Balancearse, Columpiarse, , 
Basur;No importa;No se preocupe, , , , 
Basuli;No importa;No se preocupe, , , , 
Ablisduba;Arteria;
Basursunna;Facilìsimo;Muy fàcil, , , , 
Basursunnagwa;Facilìsimo;Muy fàcil, , , , 
Be;Tù, tu;
Bebe;Frente;Cuerno, , , , 
Bebesiga;Ceja;
Bebi;Tù solo;
beed;permanecerse;Quedarse atràs, , , , 
Beedse;Exagerado;Desmedido, grave, , , 
Undar;Exagerado;Desmedido, grave, , , 
Obbor;Exagerado;Desmedido, grave, , , 
Abeged;Querer;
Obbole;Exagerado;Desmedido, grave, , , 
Abbole;Exagerado;Desmedido, grave, , , 
Abbole;Exagerado;Desmedido, grave, , , 
Bela;Fin;Hasta aquì, , , , 
Wese;Fin;Hasta aquì, , , , 
Belawabba;Sin dejar nada;Todo, , , , 
Belagwable;Sin dejar nada;Todo, , , , 
Bendagged;Ayudar;Socorrer, Apoyar, Solidarse, , 
Bengir;A crèdito;
Abga;Hacer a tiempo;
Bengued;Desconfiar;No creer,  No poder con el peso, , , 
Bennuged;Pagar;
Naboged;A crèdito;
Bensuleged;Ser traicionado por su pareja;
Berbeged;Llevar;Transportar, acarrear, , , 
Bia;Dònde Por dònde;
Biali;Donde;
Biali;Dònde;Por dónde, , , , 
Biali;Dònde;Por dónde, , , , 
Bibbigwa;Pequeño;Diminuto, Menudo, , , 
Bibbinmagged;Revolcarse;
Bindumagged;Revolcarse;
Abbayala;Enseguida;
Bibbirmagged;Dar vueltas;Girar, , , , 
Bibyoged;Azotar;Zurrar, , , , 
Bied;Decir;Pronunciar, Proferir, Hablar, , 
Soged;Decir;Pronunciar, Mencionar, Proferir, Hablar, 
Bigbaa;Varios;Muchos, No pocos, , , 
Issesuli;Muchos;
Issesuli;Varios;Muchos, No pocos, , , 
Issesur;Varios;Muchos, No pocos, , , 
Issesuli;Varios;Muchos, No pocos, , , 
Bigbi;Abanico;Ventilador, , , , 
Bignimagged;Darse vueltas;
Aagala;Para él;
Abgan;Cuerpo;
Bigwa;Cuàntos;
Melu;Cuàntos;
Biired;Torcido;Encorvado, , , , 
Bila;Lucha;Guerra, Combate, , , 
Bilaonoged;Combatir;Guerrear, , , , 
Urwed;Combatir;Guerrear, , , , 
Biler;Personaje que simboliza el mal;
Olonaiggabaler;Personaje que simboliza el mal;
Bilubilu;Rizado;Ensortijado, Ondulado, , , 
Bina;Hígado;
Abgana;Organismo;
Binabina;Poco a poco;Despacio, Lento, Pausado, , 
Binasdiggii;Poco a poco;Despacio, Lento, Pausado, , 
Binagoled;Hipo;
Binasdiggii;Poco a poco;Despacio, Lento, Pausado, , 
Binasgar;Pecho;
Binasgala;Pecho;
Binasgudsu;Pecho;
Bindumagged;Revolcarse;
Bibbinmagged;Revolcarse;
Binged;Pena;Verguenza, Rubor, Bochorno, , 
Abgayala;Hacer a tiempo;
Bingedsulid;Sinverguenza;Insolente, , , , 
Bingegued;Avergonzarse;Apenarse, Ruborizarse, , , 
Binibini;Muy nuevo;Novìsimo, , , , 
Binid;Nuevo;Reciente, Intacto, Novedoso, , 
Binidi;Nuevo;Reciente, Intacto, Novedoso, , 
Gwabbid;Nuevo;Reciente, Intacto, Novedoso, , 
Gwabbidi;Nuevo;Reciente, Intacto, Novedeso, , 
Binnagwa;Lento;Despacio, Suave, Tardo, , 
Binnasur;Rápido;Muy ligero, No despacio, Alto, Fuerte, 
Binnasuli;Rápido;Ligero, No despacio, Alto, Fuerte, 
Abgila;Criatura;
Binnuwar;Arbol de espavé;
Binnuwala;Arbol de espavé;
Binoed;Renovar;Innovar, Remozar, Reorganizar, , 
Binoged;Renovar;Innovar, Remozar, Reorganizar, , 
Obinoged;Renovar;
Binasdiggigwa;Poco a poco;
Iddoaggwagwa;Con cautela;Con prudencia, , , , 
Binsaed;Pensar;Reflexionar, Meditar, , , 
Binsar;Gratuito;Gratis, , , , 
Binyed;Transformarse;Transfigurarse, , , , 
Abiayala;Territorio salvado;Continente americano, , , , 
Biogged;Clavar;
Biogged;Clavar;Incrustar, , , , 
Biomagged;Brotar algùn lìquido;
Birbir;Huso;
Birbirid;Helicóptero;
Bired;Volver;Regresar, Retornar,Tornar, , 
Agbired;Volver;Regresar, Retornar, Tornar, , 
Bireged;Loro azul pez;Torcido, , , , 
Birga;Año;Edad, , , , 
Birgag;Cestillo;
Birgi;Encima;Sobre, , , , 
Abiddoged;Esperar;
Asgin;Encima;Sobre, , , , 
Birgog;Arbol de cocobolo;
Gogbir;Fruto del arbol cocobolo;
Gogbirgwa;Fruto de arbol de cocobolo;
Biseb;Hierbabuena;
Bised;Recoger;
Weed;Recoger;Acopiar, , , , 
Bisged;Quebrar;Romper, , , , 
Bissa;Enagua;
Bisubisu;Serpenteo;Tortuoso, Garabato, , , 
Edarbed;Aguardar;
Boed;Llorar;Gemir, Sollozar, , , 
Addied;Llorar;Gemir, Sollozar, , , 
Boegala;Llorón;
Gagdar;Llorón;
Bogileged;Calmarse;Tranquilizarser, apaciguarse, aquietarse, , 
Bogimaggar;Quietud profunda;Calma, , , , 
Bogimaggale;Quietud profunda;Calma, , , , 
Naimaggar;Quietud;
Naimaggale;Quietud;
Bogwa;Dos;
Abdagged;Ir al encuentro;
Bo;Dos;
Bolego;Madrugada;Aurora, Alba, Temprano, , 
Bolegoe;Madrugada;Aurora, Alba, Temprano, , 
Bomied;Chispear el agua;Lloviznar, , , , 
Gaggarmagged;Chispear;Lloviznar, , , , 
Enfermedad;Peligro;Dificultad, , , , 
Bonigoordiggid;Malaria;
Bonisagla;Peligroso;Muy peligroso, De alto riesgo, , , 
Boo;Neblina;Bruma, , , , 
Bubbunmagged;Brotar en estado semilicuado;
Abindagged;Recibir;Acoger, , , , 
Bubburmagged;Brotar algo en estado gaseoso;
Budariddoged;Flojera;Somnolencia, , , , 
Buddarar;Erizo;
Budde;Botella;
Buddu;Pez cofre;Perdiz de arca, , , , 
Buddugnoed;Salir apresurado;
Budi;Cerbatana;
Bugbu;Colador;
Buggib;Mucho;Numeroso, , , , 
Buggibbinsaed;Tristeza;Pesadumbre, , , , 
Abingued;Encontrarse;Toparse,Hallarse, , , , 
Wileiddoged;Tristeza;Pesadumbre, , , , 
Buggidar;Cuantioso;Mucho, , , , 
Buggidara;Cuantioso;Mucho, , , , 
Yaisuli;Cuantioso;Mucho, , , , 
Buggwa;Están;Verbo de estar 
Buglu;Calabaza para llevar chicha de maiz;Cantimplora, , , , 
Bugsu;Hermano de Ibeler;Venus, Lucero, , , 
Igwaoginyabibbiler;hermano de Ibeler;hermano de Ibeler
Bula;Maleza;Matorral, Basura, , , 
Buladig;Entre todos;Juntos, Unidos, , , 
Aaular;En lugar de;
Anale;Por algo;
Buladiggi;Entre todos;Juntos, Unidos, , , 
Bulaggwa;Unidos;Juntos como la hierba, , , , 
Bulaggwagwa;;
Bulebanna;A qué distancia;Por dónde, , , , 
Banna;A qué distancia;Por dónde, , , , 
Buled;Valiente;Capaz, , , , 
Buledi;valiente;Capaz, , , , 
Gandiggid;Valiente;Capaz, , , , 
Bulemelu;Cuántos;
Melu;Cuántos;
Abirgunar;En pareja;
Bigwa;Cuántos;
Buna;Hermana dicho por una varón;Mujer, , , , 
Bunagwa;Joven;Muchacha, Chica, , , 
Bunmarnele;Ginecologo;
Bunnoged;Respirar;
Bunnu;Cola;Rabo, , , , 
Bunnogoro;Pez pargo;
Bunor;Niña;Pequeña, , , , 
Bunur;Variedad de helicona;Medicamento, , , , 
Abirgunagwale;En pareja;
Bunurnii;Julio;
Bur;Avispa;
Bulu;Avispa;
Burba;Sombra;Espiritu, Aliento, , , 
Burbagaed;Retratar;Fotografiar, Fotógrafo, , , 
Wagarwilubgaed;Retratar;Fotografiar, Fotógrafo, , , 
Wagargaed;Retratar;Fotografiar, Fotógrafo, , , 
Burbagan;Simbolismo;
Wilubgan;Simbolismo;
Burbaled;Simbolico;Lo oculto, , , , 
Ablis;Sangre;
Burdagged;Espejo;
Burdied;Bucear;Sumergirse, Resistir, , , 
Burdugges;Pez besugo;
Burgued;Agravarse;
Barbuloged;Agravarse;
Burgwed;Morirse;Fallecer, , , , 
Burged;Morirse;
Bursob;Primera mujer ne la tierra;
Olonailasob;Primera mujer;
Buru;Fruta de pan; Ceniza, , , , 
Abe;Sangre;
Burwa;Viento;Brisa, Aire, Soplo, , 
Burwagammu;Tornado;Tifón, , , , 
Burwaored;Viento huracanado;vendaval
Buwar;Palo principal de la casa;
Dabgala;Garza;Garzota, Cigueña, , , 
Dabu;Barracuda;Pez, , , , 
Dabugared;Pez aguja;Pez aguja 
Dabur;Canoa;Batel, , , , 
Absar;Vello,Barba;Pelo, Pelusa, , , 
Dabuulu;Canoa;Batel, , , , 
Obur;Canao;Batel, , , , 
Dabuswiili;Pez sierra;
Dada;Abuelo;
Dad;Abuelo;
Babser;Abuelo;
Babsered;Abuelo;
Dada;Anciano;Veterano, Viejo, Sol, , 
Dadag;Sobrio;Despierto, , , , 
Dadagga;Sobrio;Despierto, , , , 
Siga;Vello;Barba, Pelo, Pelusa, , 
Daddummad;Bisabuelo;
Dadgaleged;Eclipse solar;
Dadgan;Antepasados;
Babgan;Antepasados;
Dadibe;Sol;
Dada;Sol;
Dad;Sol;
Dadnade;Tarde;Por la tarde, , , , 
Sedo;Tarde;Por la tarde, , , , 
Dadnaggwe;Este;Levante, Por donde sale el sol, Oriente, , 
Absoged;Leer;Dialogar, Conversar, Especialista, , 
Dadyoggor;Tatarabuelo;
Dadyoggu;Mediodia;
Daed;Cultura;Conducta, Estilo de vida, Compartarse, , 
Dagar;Helicona hojas parecidas al de guineo;
Daged;Venir;
Daggarmagged;Brillar;Resplandecer, Fulgurar, , , 
Ibyed;Brillar;Resplandecer, Fulgurar, , , 
Dagge;Ortiga;Planta medicinal 
Dagged;Mirar;Observar, No perder de vista, Otear, , 
Dagnaed;Ir a ver;Encaminarse a observar, , , , 
Abu;Pez loro;
Dagsig;Atrás;Detrás, , , , 
Dagsiggi;Atrás;Detrás, , , , 
Dagu;Aguamala;Medusa, , , , 
Dain;Cocodrilo;Caimán, Lagarto, , , 
Dala;Ojos;Vista, , , , 
Ibya;Ojos;
Dalasulid;Ciego;Invidente, , , , 
Ibyasulid;Ciego;Invidente, , , , 
Dali;Una brazada;
Dalloged;Fallar el tiro;
Abuabu;Objeto blando desmenuzado;
Gwabboed;Fallar el tiro;Errar, , , , 
Dalued;Derretir;Licuar, Disolver, , , 
Dambed;Frío;
Danar;Grupo;Conjunto, Agrupado, , , 
Danale;Grupo;Conjunto, Agrupado, , , 
Darbogwad;Doble;Gemelo, , , , 
Dargwa;Oteo;
Dasi;Pez candil;Zorro, , , , 
Dear;Río abajo;
Deale;Río abjo;
Aulale;En lugar de;
Adared;Destruirsse;Espacirse, Desparramarse, , , 
Deddereged;Sin punta;Romo, , , , 
Gaggored;Sin punta;Romo, , , , 
Dedgar;Instrumento hecho de cráneo de armadillo;
Dedegala;Instrumento de armadillo;
Deemagged;Gotear;
Yagged;Gotear;
Degidde;Hola;Expresión de saludo, , , , 
Naa;Hola;
Anna;Hola;
Degii;Así es;
Addagged;Despertarse;Fijarse, Pelarse, , , 
Nabiri;Así es;
Dasi;Pez candil;
Demar;Mar;Oceáno, , , , 
Muubille;Mar;Oceáno, , , , 
Demargagan;Algas marinas;
Demarob;Algas marinas;
Demarmullugan;Oleajes;Olas, , , , 
Demarwellegan;Oleajes;Olas, , , , 
Dendenne;Pez ronquito;
Di;Agua;
Addar;Cinco;
Dia;Pozo;
Dian;Riachuelo;Arroyo, , , , 
Diba;Araña casera;
Dibamor;Tul;Gasa, , , , 
Dibbagwa;Flaco;
Garagwa;Flaco;Enjuto, , , , 
Dibur;Calabaza para agua;
Diburwa;Viento;Del este, , , , 
Dibyed;Freir;
Diddiregwa;Agua cristalina;Clara, , , , 
Addale;Cinco;
Didi;Mono tití;
Didigwa;Monto tití;
Didod;Cormorán;Cuervo marino, , , , 
Dodo;Cormorán;Cuervo marino, , , , 
Didordo;Paraguas;
Diduleged;Ahogarse;
Gundileged;Ahogarse;
Gundoleged;Ahogarse;
Digammu;Acueducto;
Digar;Agua caliente;
Addied;Llorar;Gemir, Sollozar, , , 
Diged;Sembrar;Cultivar, enterrar, sepultar, , 
Digegwa;Ratoncillo;Ratilla, , , , 
Diggar;Cadera;Al lado de, , , , 
Diggala;Cadera;Al lado de, , , , 
Diggarba;Alrededor;Derredor, , , , 
Daggarbali;Alrededor;Derredor, , , , 
Diggasur;Lejos;Lejano, Allá, , , 
Diggasuli;Lejoslejano;Allá, , , , 
Edsaa;Lejos;
Digwar;Limo;Algas, , , , 
Boed;llorar;Gemir, Sollozar, , , 
Dibormo;Balde;Vasija grande, , , , 
Dibuglu;Calabaza para agua;
Dibur;Calabaza para agua;
Digurguli;Lluvia torrencial;
Diirmagged;Corriente fluvial;
Sugge;Corriente fluvial;
Diwied;Lluvia;Aguacero, Chaparrón, Llover, , 
Negaddied;Luvia;Aguacero, , , , 
Dilla;Arbol de palo santo;Guayabo, , , , 
Dillanii;Marzo;
addoged;Juntar;Unir, , , , 
Dimadda;Charca;Lodo, Estanque, , , 
Negmadda;Charca;Lodo, Estanque, , , 
Dimaddadummad;Lago;Pántano, Cenagal, , , 
Dimmur;Ostra;
Dimoli;Manatí;Foca, , , , 
Dinagbe;Serpiente marina;
Dinarsiggaled;Alimento de jugo de plátano;Cacao, Desayuno, , , 
Dinna;Seco;Enjuto, , , , 
Dinnagwa;Seco;Enjuto, , , , 
Dinned;Enlazar con arte;
Addued;Arroparse;Cubrirse, Sábana, Cobija, , 
Diobbigwa;Fresco;Frío, , , , 
Diyobbigwa;Fresco;Frío, , , , 
Diobbisulid;Caliente;
Diyobbisulid;Caliente;
Uereged;Caliente;
Dior;Alacran;Escorpión, , , , 
Dirbir;Círculo;Redondo, Circular, , , 
Dirbile;Circulo;Redondo, Circular, , , 
Olole;Circular;
Oroggwagwa;Circulo;Redondo, Circular, , , 
Addursaed;robar;Despojar, Asaltar, Ladron, Bandido, 
Dirigwa;Líquido;Transparente, Claro, , , 
Disegad;Diarrea;
Sadib;Diarrea;
Saabio;diarrea;
Disla;Tijera;
Disnaed;Defecar;Excretar, Deponer, , , 
Aggued;Defecar;Excretar, , , , 
Sadued;Defecar;
Diwar;Río;
Diwala;Rio;Corriente, , , , 
Adsa;Variedad de abejas;
Doa;Quién;
Dobed;Miedo;
Dobgued;Temer;Asustarse, Atemorizarse, , , 
Gwayed;Temer;Asustarse, , , , 
Doddo;Niño;Infante, Pequeño, , , 
Doggogalu;Jardín de párvulos;Hogar de niños, , , , 
Dodo;Caromorón;Cuervo marino, , , , 
Dodoar;Relajado;De broma, No serio, , , 
Dodoale;Relajado;De broma, , , , 
Dodoged;Jugar;Bromear, , , , 
Anar;Por alguien;
Adsiggied;Mojarse;Empaparse, , , , 
Dodoed;Jugar;Bromear, , , , 
Dodua;Pez Corvina;
Doed;Tragar;Devorar, Engullir, , , 
Doga;Abundante;Suficiente, Bastante, , , 
Yaisuli;Abundante;suficientte, Bastante, , , 
Nagege;Abundante;Suficiente, , , , 
Dogdar;Demasiado;En extremo, Excesivo, , , 
Dogdara;Demasiado;En extremo, Excesivo, , , 
Issesuli;Mucho;Excede, , , , 
Doged;Penetrar;Ingresar, Hundir, , , 
Adsule;pasado mañana;
Doggus;Exagerado;Desmedido, , , , 
Doggusa;Exagerado;Desmedido, , , , 
Dogagusa;Exagerado;Desmedido, , , , 
Dollomagged;Toser;Tos, , , , 
Dolo;Instrumento musical de bambú;
Dollomagged;Toser;Tos, , , , 
Dommomagged;Chapotear;Nadar, , , , 
Gommomagged;Chapotear;Nadar, , , , 
Dongwen;Cuarenta centavos;
Donni;Pequeñito;Cortito, Diminuto, , , 
Adswer;Anzuelo;
Donnigwa;Pequeñito;Cortito, Diminuto, , , 
Dosin;Docena;
Dua;Muslo;Pierna, , , , 
Duagar;Fémur;
Duagala;Fémur;
Duamagged;Patalear;Revolcarse, , , , 
Bindumagged;Patalear;Revolcarse, , , , 
Dub;Hilo;Cuerda, Soga, , , 
Duba;Hilo;Soga, Cuerda, , , 
Dub;Isla;Islote, , , , 
Adswerdub;Hilo de pescar;
Dubbu;Isla;Islote, , , , 
Duddu;Flor;
Duddugalu;Jardín;
Duddugwa;Blando;Suave, , , , 
Duddumola;Amarillo;
Gorogwad;Amarillo;
Duddusulid;Fuerte;Duro, Recio, Sólido, , 
Selelleged;Fuerte;Duro, Recio, Sólido, , 
Dudied;Sumergir;Remojar, , , , 
Dudu;Coloradilla;Cresta de gallina, , , , 
Adsweryala;Albahaca;
Duggar;Cuello;Pescuezo, , , , 
Duggin;Inclinado;Por sí mismo, , , , 
Duggu;Punta;Extremo, Cumbre, Fin, , 
Duggued;Esconderse;Refugiarse, Ocultarse, , , 
Dugla;Conchas pequeñas de mar;
Dugu;Mero;
Dula;Vivo;Comunidad, Gente, , , 
Dulanied;Guía;Dirigente, , , , 
Idued;Guía;Dirigente, , , , 
Dummad;Guía;Dirigente, , , , 
Agbined;Volterearse;Girar, rodar, volverse, , 
Dulasagla;Está bien vivo;
Dule;Persona;Individuo, , , , 
Duled;Pus;Supuración, , , , 
Dulemas;Comida guna;
Dulemasi;Comida guna;
Dullumagged;Agacharse;Inclinarse, esquinarse, , , 
Dulub;Langosta;
Dumgued;Tamaño;crecer, agrandarse, , , 
Dummad;Grande;Jefe, Guía, , , 
Dunnudunnu;Arrugado;ajado, , , , 
Abired;volver;regresar, retornar, tornar, , 
Sinnisinni;Arrugado;ajado, , , , 
Babbibabbi;Arrugado;ajado, , , , 
Dunu;Cocuyo;
Dunued;Pañuelo de la cabeza;
Muswe;Pañuelo;
Durbamagged;Florecer;
durdagged;Aprender;instruirse, educarse, , , 
Durdaglegoed;Objetivo;
Amilegoed;Objetivo;
Durgwen;Veinte;
Agdeged;Bajarse;descender, , , , 
Dulagwen;Veinte;
Durmied;Barrer;
Durwied;Barrer;
Neggwaied;Barrer;
Durwa;Basura;desperdicio, sobrante, , , 
Ibdurwa;Basura;desperdicio, , , , 
Durwied;Barrer;
Durmied;Barrer;
Dusi;Papera;papo, , , , 
Dusolo;Abseso;
Duule;abambado;arqueado, , , , 
Agdied;Pértiga;palanca, palo para mover cayuco, , , 
Duuru;Fruta verde;
El;Su;
Eared;Desmantelar;deshacer, demoler, , , 
Earmagged;Desenrollar;
Ebayed;Enrollar;devanar, , , , 
Ebenne;Hace tiempo;
Ebbinne;Hace tiempo;
Ebibbied;Arrastrar;Tirar, impulsar, , , 
Ebied;Jalar;tirar, halar, , , 
Ebined;Rayar;afilar, , , , 
Agdiggi;pesado;sólido, , , , 
Ebinsaed;Recordar;acordarse, conmemorar, , , 
Insaed;Recordar;acordarse,conmemorar, , , , 
Ebired;rodear;Rondar, Cercar, asediar, , 
Ebised;Contar;enumerar, , , , 
Ebo;Juntos los dos;en par, aparejado, , , 
Ebogwa;Juntos los dos;en par, parajeado, , , 
Ebued;Tocar;manipular, manosear, usar, , 
Edarbed;Esperar;aguardar, , , , 
Abdagged;Esperar;aguardar, , , , 
Abiddoged;Esperar;aguardar, , , , 
Anale;Por algo;
Anale;Por alguien;
Agdiggirba;Pesado;
Edared;Pelar;quitar cáscara, , , , 
Enubed;Pelar;quitr cáscara, , , , 
Obusged;Pelar;quitar la cáscara, , , , 
Edied;Cerrar;Trancar, Obstruir, , , 
Edinned;Amarrar;Atar, ligar, , , 
Edsaa;Lejos;lejano, allá, , , 
Diggasur;Lejos;lejano, , , , 
Diggasuli;Lejos;lejano, , , , 
Edued;Tapar;cubir, resguardar, cerrar, , 
Egaar;Abierto;
Uggusuli;pesado;sólido, , , , 
Egaale;Abierto;
Argaar;Abierto;
Egaed;Abrir;partir, , , , 
Egesig;Allá;Hacia allá, , , , 
Wesig;Allá;Hacia allá, , , , 
Weba;Allá;
Egised;Pedir;indagar, exigir, , , 
Egured;Escurrir;Secar, , , , 
Ogured;Escurrir;secar, moler, , , 
Egwaed;Seleccionar;escoger, , , , 
Agdiggued;Peso;
Elied;Borrar;tachar, eliiminar, , , 
Eloed;Lamer;relamer, , , , 
Emala;Igual; cómo, , , , 
Nayobi;Igual;como, , , , 
Yobi;Igual;
Emarbi;Igual;lo mismo, uniforme, , , 
Balibi;Igual;Lo mismo, , , , 
Emi;Hoy;Actualmente, , , , 
Emied;Socolar;desmontar, , , , 
Emigi;Ya;ahora, en este momento, , , 
Agdir;Piedra lija;
Emisgi;Ya;ahora, en este moemnto, , , 
Emis;Ahora;hace poco, , , , 
Emisgwa;Ahora;hace poco, , , , 
Emisbinne;Ahora mismo;en acto, al instante, , , 
Emissunna;Ahora mismo;
Enaed;Patear;
Engued;Hincharse;inflarse, abultarse, , , 
Mued;Hincharse;inflarse, , , , 
Enied;Desplumar;
Enired;Pegar;engomar, soldar, , , 
Agdoged;Levantar;alzat, , , , 
Enoed;Llenar;Rellenar, Colmar, , , 
Enoged;Llenar;rellenar, , , , 
Enubed;Pelar;quitar la cáscara, , , , 
Obusged;Pelar;quitar la cascara, , , , 
Edared;Pelar;
Enugged;Lavar;fregar, enjuagar, , , 
Onugged;Lavar;
Eoed;Derramar;verter, , , , 
Eoged;derramar;verter, , , , 
Esa;Machete;
Aged;Vomitar;
Esbibbi;Cuchillo pequeño;
Esdin;Cuchillo;navaja, , , , 
Esgoro;Clavo;hierro, tachuela, , , 
Esgorodub;Cadena;
Esgoroduba;Cadena;
Esied;Raspar;cepillar, , , , 
Esigged;Desatar;desamarrar, soltar, , , 
Esirmagged;Desgarrar;romper, , , , 
Eslo;Caimito;
Esmed;Paila;
Aggaagga;Torpeza; a tiendas, , , , 
Esnali;Serrucho;
Esnar;Ancla;
Esnardub;Cadena de ancla;
Esnugar;Filo del machete;
Esanugala;Filo del machete;
Esnun;Cobre;latón, , , , 
Esnundub;Cable;cadena de cobre, , , , 
Esnunduba;Cable;Cadena de cobre, , , , 
Eswar;Chuzo;
Eswala;Chuzo;
Aggabagga;profundo;hondo, , , , 
Esweed;Perfilar cayuco;labrar, , , , 
Eye;Si;
Aye;Si;
Gaa;Ají;guindilla, picante, , , 
Gabboled;Bastón;Cayado, báculo, , , 
Gabboledi;Bastón;
Gaamagged;Andar sin rumbo;
Gabban;Campana;
Gabdagged;Soñar;
Negburdagged;Soñar;
Aggaed;aferrarse;agarrarse, , , , 
Gabed;Dormir;
Gabgi;Mientras uno duerme;dormido, , , , 
Gabi;Café;
Gabigan;Cafetal;
Gabur;Ají conguito;
Gaddig;Más aún;Todavía más, , , , 
Gaddiggi;Más áun;Todavía más, , , , 
Nabbi;Más aún;Todavía más, , , , 
Gaed;Agarrar;Detener, sujetar, , , 
Gagamagged;Cacarear;
Aggan;Hacha;
Gaga;Hierba;paja, , , , 
Gagana;Hierba;paja, , , , 
Gagandug;Guabina de arena;
Gagandugu;Guabina de arena;
Gagdar;Llorón;
Boegala;Llorón;
Gagga;Boca;Costa, , , , 
Gaya;Boca;
Gaggagannoed;Adjetivo;
Gayagannoed;Adjetivo;
Abaggar;Por si acaso;
Aggangar;mango de hacha;
Gaggan;Mentira;chisme, embuste, , , 
Gagganna;Mentira;chisme, embuste, , , 
Gaggansaed;Mentir;Falsear, timar, , , 
Gaggansili;Mentiroso;Embustero, , , , 
Gaggarmagged;Lloviznar;
Bomied;Lloviznar;
Gaggored;Sin punta;Romo, , , , 
Gaggulig;Labios;
Gayabir;Labios;
Gaglis;Saliva;baba, , , , 
Distinto;diverso;diferente, , , , 
Wii;Saliva;
Gai;Caña de azucar;
Gaya;Caña de azucar;
Gaibid;Amargo;
Gaibigaibi;Poco amargo;
Gaibigaibigwa;poco amargo;
Gaibir;Jugo fermentado de caña;
Inna;Jugo fermentada de caña;
Innagaibid;Jugo fermentada de caña;
Gaibirneg;Casa de ceremonia;Casa de chicha, , , , 
Aggala;distingo;diverso, diferente, , , 
Gaibirnega;Casa de la chicha;
Innaneg;Casa de ceremonia;
Innanega;Casa de ceremonia;
Gaigan;Cañaveral;
Gayagan;Cañaveral;
Gaigandug;Guabina de arena;
Gaigandugu;Guabina de arena;
Gainis;Jugo de caña;
Gainisa;Jugo de caña;
Gayanis;Jugo de caña;
Horqueta;palo de sosten;
Gayanisa;Jugo de caña;
Gaisuwar;Trapiche;
Gaisuwala;Trapiche;
Gaiugga;Bagazo de caña de azucar;
Gayaugga;Bagazo de caña de azucar;
Galanuggi;Poliomielitis;polio, , , , 
Gale;Con picante;pica, , , , 
Galed;Picor;
Galerba;Muy picante;
Gali;Bejuco;
Aggu;Quijada;mentón, mandíbula, maxilar, , 
Galimba;Callejones;
Galu;Pared de caña brava;Sitio sagrado, , , , 
Gamdur;Jefe de ceremonia de ceremonia de chicha;
Gamdule;Jefe de ceremonia de chicha;
Gammi;Canalete;remo, , , , 
Gammied;Remar;
Gammu;Garganta;Flauta de bambú, , , , 
Gammuburwi;Flautillas;Instrumentos musical, , , , 
Gangi;Flautillas;instrumento musical, , , , 
Gan;Silla;Asiento, Sitial, Abundancia de plural, , 
Agguar;inconcluso;fragmentario, inacabado, , , 
Gana;Silla;Sitial, abundancia de, de plural, , 
Ganbuled;Sillón;
Gandiggid;Valiente;Capaz, , , , 
Buled;Valiente;Capaz, , , , 
Buledi;Valiente;Capaz, , , , 
Gannaleged;Fortalecerse;Alentarse, , , , 
Gannar;Otra vez;de nuevo, repetido, huella, , 
Gannale;Otra vez;de nuevo, , , , 
Gannir;Gallo;gallina, , , , 
Ganir;Gallo;gallina, , , , 
Agguale;Inconcluso;fragmentario, inacabado, , , 
Ganniraggwa;Huevo de gallina;
Manisibu;Huevo de gallina;
Nuusaa;Huevo de gallina;
Gannirmassered;Gallo;
Gannirneg;Gallinero;
Gannirnega;Gallinero;
Gannirome;Gallina;
Gannoged;Consolidar;robustecer, , , , 
Ogannoged;Fortalecer;Vigorizar, , , , 
Gaobanwar;Caobo;
Aggued;defecar;excretar, deponer, , , 
Gaobanwala;Caobo;
Garagwa;Flaco;enjuto, , , , 
Garba;Cesto;Canasta, , , , 
Gardidor;Oriundo de Gardi;
Gardidola;Oriuendo de Gardi;
Gardu;Jaula;
Gardug;Jaula;
Gargwadired;Sanar los huevos;
Gargwaddired;Dislocarse un hueso;
Gargwenad;Hermano;hermana, consanguineo, , , 
Disnaed;Defecar;excretar, deponer, , , 
Gargwenmalad;Familia;
Garibed;Fuerte;Forzudo, , , , 
Galaibedi;Fuerte;Forzudo, , , , 
Garsimur;Codo;
Garson;Pantalones;
Gasbag;Soga para sostener hamaca;
Gasdibir;Muelle;Puerto, , , , 
Gasigasi;A gatas;
Gasimagged;Andar a gatas;gatear, , , , 
Gassi;Hamaca;
Sadued;Defecar;excretar, deponer, , , 
Uugassi;Hamaca;
Gaugau;Gaviota;
Diridiri;Gaviota;
Gaya;Boca;idioma, palabra, , , 
Gagga;Boca;Idioma, Costa, , , 
Gai;Caña de azucar;
Gaya;Caña de azucar;
Gayaabinnid;Antonimo;
Gayabir;Labios;
Gaggulig;Labios;
